Count of kepoi_name,Column Labels,,,,,,
Row Labels,CANDIDATE,CONFIRMED,FALSE POSITIVE,Grand Total,,temp,fraction
0.047,,,1,1,,0.047,#REF!
0.114,1,,,1,,0.114,#REF!
0.236,1,,,1,,0.236,#REF!
0.25,,,1,1,,0.25,#REF!
0.269,,,1,1,,0.269,#REF!
0.273,,,1,1,,0.273,#REF!
0.452,,,1,1,,0.452,#REF!
0.5,,,1,1,,0.5,#REF!
0.65,,,1,1,,0.65,#REF!
0.652,1,,,1,,0.652,#REF!
0.679,,,1,1,,0.679,#REF!
0.684,,,1,1,,0.684,#REF!
0.76,,,1,1,,0.76,#REF!
0.798,,,1,1,,0.798,#REF!
0.829,,,1,1,,0.829,#REF!
0.833,1,,,1,,0.833,#REF!
0.851,,,1,1,,0.851,#REF!
0.892,,,1,1,,0.892,#REF!
0.93,,,1,1,,0.93,#REF!
0.949,,,1,1,,0.949,#REF!
1.056,,,1,1,,1.056,#REF!
1.06,,,1,1,,1.06,#REF!
1.101,,,1,1,,1.101,#REF!
1.173,,,1,1,,1.173,#REF!
1.338,,,1,1,,1.338,#REF!
1.392,,,1,1,,1.392,#REF!
1.458,,,1,1,,1.458,#REF!
1.461,,,1,1,,1.461,#REF!
1.464,,,1,1,,1.464,#REF!
1.541,,,1,1,,1.541,#REF!
1.549,,,1,1,,1.549,#REF!
1.603,,,2,2,,1.603,#REF!
1.627,,,1,1,,1.627,#REF!
1.656,,,1,1,,1.656,#REF!
1.663,,,1,1,,1.663,#REF!
1.672,,,1,1,,1.672,#REF!
1.694,,,1,1,,1.694,#REF!
1.786,,,1,1,,1.786,#REF!
2.012,1,,,1,,2.012,#REF!
2.031,,,1,1,,2.031,#REF!
2.099,,,1,1,,2.099,#REF!
2.113,1,,,1,,2.113,#REF!
2.137,,,1,1,,2.137,#REF!
2.178,,,1,1,,2.178,#REF!
2.194,,,1,1,,2.194,#REF!
2.204,,,2,2,,2.204,#REF!
2.232,,,1,1,,2.232,#REF!
2.28,1,,,1,,2.28,#REF!
2.319,,,1,1,,2.319,#REF!
2.321,,,1,1,,2.321,#REF!
2.329,,,1,1,,2.329,#REF!
2.332,1,,,1,,2.332,#REF!
2.34,,,1,1,,2.34,#REF!
2.346,,,1,1,,2.346,#REF!
2.352,,,1,1,,2.352,#REF!
2.354,,,1,1,,2.354,#REF!
2.356,,,1,1,,2.356,#REF!
2.373,,,1,1,,2.373,#REF!
2.386,,,1,1,,2.386,#REF!
2.391,,,1,1,,2.391,#REF!
2.394,,,1,1,,2.394,#REF!
2.399,,,1,1,,2.399,#REF!
2.41,,1,1,2,,2.41,#REF!
2.412,,,1,1,,2.412,#REF!
2.42,,,1,1,,2.42,#REF!
2.422,,,1,1,,2.422,#REF!
2.425,,,1,1,,2.425,#REF!
2.435,3,,1,4,,2.435,#REF!
2.437,,,2,2,,2.437,#REF!
2.439,,,1,1,,2.439,#REF!
2.442,1,,,1,,2.442,#REF!
2.445,,,1,1,,2.445,#REF!
2.454,,,1,1,,2.454,#REF!
2.464,,,1,1,,2.464,#REF!
2.471,,,1,1,,2.471,#REF!
2.472,,,1,1,,2.472,#REF!
2.475,,,1,1,,2.475,#REF!
2.481,1,,,1,,2.481,#REF!
2.486,,,2,2,,2.486,#REF!
2.494,,,1,1,,2.494,#REF!
2.497,,,1,1,,2.497,#REF!
2.501,,,1,1,,2.501,#REF!
2.504,,,1,1,,2.504,#REF!
2.51,,,1,1,,2.51,#REF!
2.52,2,,,2,,2.52,#REF!
2.524,1,,,1,,2.524,#REF!
2.56,,,1,1,,2.56,#REF!
2.562,,,1,1,,2.562,#REF!
2.564,,,1,1,,2.564,#REF!
2.566,,,1,1,,2.566,#REF!
2.569,,,1,1,,2.569,#REF!
2.572,,,1,1,,2.572,#REF!
2.577,1,,,1,,2.577,#REF!
2.583,,,1,1,,2.583,#REF!
2.587,,,1,1,,2.587,#REF!
2.592,,,1,1,,2.592,#REF!
2.595,,,1,1,,2.595,#REF!
2.605,1,,2,3,,2.605,#REF!
2.608,,,1,1,,2.608,#REF!
2.609,1,,,1,,2.609,#REF!
2.613,,,1,1,,2.613,#REF!
2.619,,,1,1,,2.619,#REF!
2.629,,,1,1,,2.629,#REF!
2.631,,,1,1,,2.631,#REF!
2.632,,,1,1,,2.632,#REF!
2.633,,,1,1,,2.633,#REF!
2.635,,,1,1,,2.635,#REF!
2.638,,,1,1,,2.638,#REF!
2.644,,,1,1,,2.644,#REF!
2.645,,,1,1,,2.645,#REF!
2.66,,,1,1,,2.66,#REF!
2.662,,,1,1,,2.662,#REF!
2.667,,,1,1,,2.667,#REF!
2.674,,,1,1,,2.674,#REF!
2.681,,,1,1,,2.681,#REF!
2.682,,,1,1,,2.682,#REF!
2.685,,,1,1,,2.685,#REF!
2.693,1,,,1,,2.693,#REF!
2.697,,,1,1,,2.697,#REF!
2.706,,,1,1,,2.706,#REF!
2.708,,,1,1,,2.708,#REF!
2.711,,,1,1,,2.711,#REF!
2.715,,,1,1,,2.715,#REF!
2.737,,,2,2,,2.737,#REF!
2.745,,,1,1,,2.745,#REF!
2.754,,,1,1,,2.754,#REF!
2.756,,,1,1,,2.756,#REF!
2.759,,,1,1,,2.759,#REF!
2.761,,,1,1,,2.761,#REF!
2.766,,,1,1,,2.766,#REF!
2.77,,,1,1,,2.77,#REF!
2.777,,,1,1,,2.777,#REF!
2.78,,,1,1,,2.78,#REF!
2.781,,,1,1,,2.781,#REF!
2.782,,,2,2,,2.782,#REF!
2.783,1,,,1,,2.783,#REF!
2.795,,,1,1,,2.795,#REF!
2.81,,,1,1,,2.81,#REF!
2.816,,,2,2,,2.816,#REF!
2.819,,,1,1,,2.819,#REF!
2.827,,,1,1,,2.827,#REF!
2.839,,,1,1,,2.839,#REF!
2.843,,,1,1,,2.843,#REF!
2.863,1,,,1,,2.863,#REF!
2.865,,,1,1,,2.865,#REF!
2.871,,,1,1,,2.871,#REF!
2.877,1,,,1,,2.877,#REF!
2.882,,,1,1,,2.882,#REF!
2.886,,,1,1,,2.886,#REF!
2.889,,,1,1,,2.889,#REF!
2.896,,,1,1,,2.896,#REF!
2.897,1,,3,4,,2.897,#REF!
2.899,,,1,1,,2.899,#REF!
2.9,,,1,1,,2.9,#REF!
2.909,,,2,2,,2.909,#REF!
2.919,,,1,1,,2.919,#REF!
2.92,,,1,1,,2.92,#REF!
2.921,,,1,1,,2.921,#REF!
2.929,,,1,1,,2.929,#REF!
2.932,,,1,1,,2.932,#REF!
2.933,1,,,1,,2.933,#REF!
2.936,,2,1,3,,2.936,#REF!
2.942,1,,,1,,2.942,#REF!
2.945,1,,,1,,2.945,#REF!
2.947,1,,,1,,2.947,#REF!
2.953,,,1,1,,2.953,#REF!
2.955,,,1,1,,2.955,#REF!
2.961,,,1,1,,2.961,#REF!
2.966,,,1,1,,2.966,#REF!
2.967,,,1,1,,2.967,#REF!
2.968,,,1,1,,2.968,#REF!
2.977,,,1,1,,2.977,#REF!
2.978,1,,1,2,,2.978,#REF!
2.979,,,1,1,,2.979,#REF!
2.982,1,,,1,,2.982,#REF!
2.984,,,1,1,,2.984,#REF!
2.986,,,1,1,,2.986,#REF!
2.987,,,1,1,,2.987,#REF!
2.988,,,1,1,,2.988,#REF!
2.989,,,1,1,,2.989,#REF!
2.99,1,,,1,,2.99,#REF!
2.992,,,1,1,,2.992,#REF!
2.996,,,1,1,,2.996,#REF!
3.001,,,1,1,,3.001,#REF!
3.002,,,2,2,,3.002,#REF!
3.006,1,,,1,,3.006,#REF!
3.007,,,2,2,,3.007,#REF!
3.008,1,,,1,,3.008,#REF!
3.009,,,1,1,,3.009,#REF!
3.01,1,,,1,,3.01,#REF!
3.013,,,1,1,,3.013,#REF!
3.02,1,,1,2,,3.02,#REF!
3.021,1,,,1,,3.021,#REF!
3.031,,,1,1,,3.031,#REF!
3.038,,,1,1,,3.038,#REF!
3.042,,,2,2,,3.042,#REF!
3.05,1,,,1,,3.05,#REF!
3.055,,,1,1,,3.055,#REF!
3.056,,,1,1,,3.056,#REF!
3.058,,,1,1,,3.058,#REF!
3.06,,,2,2,,3.06,#REF!
3.063,,,1,1,,3.063,#REF!
3.066,1,,,1,,3.066,#REF!
3.073,,,1,1,,3.073,#REF!
3.08,,,1,1,,3.08,#REF!
3.088,,,1,1,,3.088,#REF!
3.091,,,1,1,,3.091,#REF!
3.092,,1,1,2,,3.092,#REF!
3.094,,,1,1,,3.094,#REF!
3.106,,,1,1,,3.106,#REF!
3.109,,,2,2,,3.109,#REF!
3.112,,,1,1,,3.112,#REF!
3.117,1,,,1,,3.117,#REF!
3.118,1,,,1,,3.118,#REF!
3.12,,,2,2,,3.12,#REF!
3.122,,,1,1,,3.122,#REF!
3.125,,,1,1,,3.125,#REF!
3.126,1,,,1,,3.126,#REF!
3.13,,,2,2,,3.13,#REF!
3.131,1,,,1,,3.131,#REF!
3.134,,,1,1,,3.134,#REF!
3.136,,,2,2,,3.136,#REF!
3.137,,,1,1,,3.137,#REF!
3.15,,,1,1,,3.15,#REF!
3.155,,,1,1,,3.155,#REF!
3.158,,,1,1,,3.158,#REF!
3.159,,,1,1,,3.159,#REF!
3.166,1,,,1,,3.166,#REF!
3.167,,,2,2,,3.167,#REF!
3.169,,,1,1,,3.169,#REF!
3.17,,,1,1,,3.17,#REF!
3.172,1,,,1,,3.172,#REF!
3.18,,,2,2,,3.18,#REF!
3.183,,,1,1,,3.183,#REF!
3.184,1,,,1,,3.184,#REF!
3.192,,,1,1,,3.192,#REF!
3.193,,,2,2,,3.193,#REF!
3.208,,,1,1,,3.208,#REF!
3.209,1,,,1,,3.209,#REF!
3.211,,,1,1,,3.211,#REF!
3.212,,,1,1,,3.212,#REF!
3.216,1,,2,3,,3.216,#REF!
3.22,,,1,1,,3.22,#REF!
3.222,,,1,1,,3.222,#REF!
3.227,,,1,1,,3.227,#REF!
3.228,1,,,1,,3.228,#REF!
3.237,1,,,1,,3.237,#REF!
3.241,,,1,1,,3.241,#REF!
3.243,1,,,1,,3.243,#REF!
3.25,1,,,1,,3.25,#REF!
3.252,1,,,1,,3.252,#REF!
3.257,1,,,1,,3.257,#REF!
3.267,,,1,1,,3.267,#REF!
3.273,1,,,1,,3.273,#REF!
3.276,,,1,1,,3.276,#REF!
3.277,,,1,1,,3.277,#REF!
3.279,,,1,1,,3.279,#REF!
3.282,1,,,1,,3.282,#REF!
3.284,,,1,1,,3.284,#REF!
3.286,,,1,1,,3.286,#REF!
3.287,,,1,1,,3.287,#REF!
3.289,,,1,1,,3.289,#REF!
3.291,,,1,1,,3.291,#REF!
3.295,1,,,1,,3.295,#REF!
3.298,1,,,1,,3.298,#REF!
3.299,,2,1,3,,3.299,#REF!
3.3,,,2,2,,3.3,#REF!
3.301,,,1,1,,3.301,#REF!
3.303,,,1,1,,3.303,#REF!
3.311,,,1,1,,3.311,#REF!
3.314,,,1,1,,3.314,#REF!
3.315,1,,,1,,3.315,#REF!
3.317,,3,,3,,3.317,#REF!
3.321,2,,2,4,,3.321,#REF!
3.327,1,,,1,,3.327,#REF!
3.331,,1,,1,,3.331,#REF!
3.338,,,1,1,,3.338,#REF!
3.339,,,1,1,,3.339,#REF!
3.34,,,1,1,,3.34,#REF!
3.344,,,1,1,,3.344,#REF!
3.349,1,,,1,,3.349,#REF!
3.35,,,1,1,,3.35,#REF!
3.352,1,,,1,,3.352,#REF!
3.353,,,1,1,,3.353,#REF!
3.354,,,1,1,,3.354,#REF!
3.356,,1,,1,,3.356,#REF!
3.358,,1,,1,,3.358,#REF!
3.364,,,1,1,,3.364,#REF!
3.365,1,,,1,,3.365,#REF!
3.368,,,2,2,,3.368,#REF!
3.373,,,1,1,,3.373,#REF!
3.38,1,,,1,,3.38,#REF!
3.388,,,1,1,,3.388,#REF!
3.402,1,,,1,,3.402,#REF!
3.404,1,,1,2,,3.404,#REF!
3.408,,,1,1,,3.408,#REF!
3.409,1,,,1,,3.409,#REF!
3.414,,,1,1,,3.414,#REF!
3.416,,,1,1,,3.416,#REF!
3.417,,,1,1,,3.417,#REF!
3.42,,,1,1,,3.42,#REF!
3.421,,,1,1,,3.421,#REF!
3.424,,,3,3,,3.424,#REF!
3.428,,,1,1,,3.428,#REF!
3.429,1,,,1,,3.429,#REF!
3.432,,,1,1,,3.432,#REF!
3.433,1,1,,2,,3.433,#REF!
3.436,1,,,1,,3.436,#REF!
3.439,,,1,1,,3.439,#REF!
3.442,,,1,1,,3.442,#REF!
3.443,,,1,1,,3.443,#REF!
3.447,1,,,1,,3.447,#REF!
3.449,,,1,1,,3.449,#REF!
3.45,,2,,2,,3.45,#REF!
3.453,,,1,1,,3.453,#REF!
3.456,1,,,1,,3.456,#REF!
3.458,1,,,1,,3.458,#REF!
3.459,,,2,2,,3.459,#REF!
3.461,,,1,1,,3.461,#REF!
3.462,,1,1,2,,3.462,#REF!
3.465,2,,,2,,3.465,#REF!
3.466,,,2,2,,3.466,#REF!
3.469,,,1,1,,3.469,#REF!
3.47,1,,,1,,3.47,#REF!
3.471,,,1,1,,3.471,#REF!
3.475,,1,1,2,,3.475,#REF!
3.476,,,1,1,,3.476,#REF!
3.479,,,1,1,,3.479,#REF!
3.48,,,2,2,,3.48,#REF!
3.484,,,1,1,,3.484,#REF!
3.488,1,,2,3,,3.488,#REF!
3.489,1,,,1,,3.489,#REF!
3.49,1,,,1,,3.49,#REF!
3.491,,,2,2,,3.491,#REF!
3.493,,,1,1,,3.493,#REF!
3.495,,,1,1,,3.495,#REF!
3.497,,,2,2,,3.497,#REF!
3.499,2,1,,3,,3.499,#REF!
3.501,,,1,1,,3.501,#REF!
3.502,,,2,2,,3.502,#REF!
3.506,,,2,2,,3.506,#REF!
3.508,,,1,1,,3.508,#REF!
3.509,1,,,1,,3.509,#REF!
3.511,1,,1,2,,3.511,#REF!
3.515,,,2,2,,3.515,#REF!
3.516,,,1,1,,3.516,#REF!
3.52,,,2,2,,3.52,#REF!
3.521,,,1,1,,3.521,#REF!
3.523,1,,,1,,3.523,#REF!
3.53,,,1,1,,3.53,#REF!
3.531,,,1,1,,3.531,#REF!
3.534,1,,3,4,,3.534,#REF!
3.535,,,1,1,,3.535,#REF!
3.538,,1,,1,,3.538,#REF!
3.541,,,2,2,,3.541,#REF!
3.542,,,1,1,,3.542,#REF!
3.55,,,1,1,,3.55,#REF!
3.551,1,,,1,,3.551,#REF!
3.556,1,,,1,,3.556,#REF!
3.558,,,1,1,,3.558,#REF!
3.559,2,,,2,,3.559,#REF!
3.562,1,,1,2,,3.562,#REF!
3.565,1,,,1,,3.565,#REF!
3.566,,,1,1,,3.566,#REF!
3.568,,,2,2,,3.568,#REF!
3.57,1,,,1,,3.57,#REF!
3.573,,,1,1,,3.573,#REF!
3.577,,,1,1,,3.577,#REF!
3.578,1,,1,2,,3.578,#REF!
3.579,,,1,1,,3.579,#REF!
3.58,,,2,2,,3.58,#REF!
3.581,,,1,1,,3.581,#REF!
3.586,,,1,1,,3.586,#REF!
3.588,1,,,1,,3.588,#REF!
3.591,1,1,,2,,3.591,#REF!
3.592,,,1,1,,3.592,#REF!
3.593,,,1,1,,3.593,#REF!
3.594,,,3,3,,3.594,#REF!
3.595,,1,3,4,,3.595,#REF!
3.597,1,,2,3,,3.597,#REF!
3.598,,,1,1,,3.598,#REF!
3.599,1,,,1,,3.599,#REF!
3.6,,,2,2,,3.6,#REF!
3.602,1,,1,2,,3.602,#REF!
3.603,,,1,1,,3.603,#REF!
3.604,1,,1,2,,3.604,#REF!
3.606,,,2,2,,3.606,#REF!
3.607,,,1,1,,3.607,#REF!
3.611,1,,2,3,,3.611,#REF!
3.613,,,1,1,,3.613,#REF!
3.614,,,1,1,,3.614,#REF!
3.615,,,1,1,,3.615,#REF!
3.616,1,,1,2,,3.616,#REF!
3.617,1,,2,3,,3.617,#REF!
3.619,,,2,2,,3.619,#REF!
3.62,,2,,2,,3.62,#REF!
3.621,,,1,1,,3.621,#REF!
3.622,,,1,1,,3.622,#REF!
3.623,1,,,1,,3.623,#REF!
3.624,,,1,1,,3.624,#REF!
3.626,,1,,1,,3.626,#REF!
3.627,2,,,2,,3.627,#REF!
3.628,1,,,1,,3.628,#REF!
3.629,,1,1,2,,3.629,#REF!
3.63,1,,,1,,3.63,#REF!
3.631,1,,2,3,,3.631,#REF!
3.632,,,1,1,,3.632,#REF!
3.633,1,,2,3,,3.633,#REF!
3.634,1,,,1,,3.634,#REF!
3.635,1,,,1,,3.635,#REF!
3.636,,,1,1,,3.636,#REF!
3.637,1,,,1,,3.637,#REF!
3.638,,,1,1,,3.638,#REF!
3.639,,,5,5,,3.639,#REF!
3.641,1,,1,2,,3.641,#REF!
3.642,,,1,1,,3.642,#REF!
3.643,,,2,2,,3.643,#REF!
3.644,,,2,2,,3.644,#REF!
3.645,,1,1,2,,3.645,#REF!
3.646,,,1,1,,3.646,#REF!
3.647,,,1,1,,3.647,#REF!
3.648,1,,1,2,,3.648,#REF!
3.65,,,4,4,,3.65,#REF!
3.651,,,1,1,,3.651,#REF!
3.655,,,1,1,,3.655,#REF!
3.657,1,1,1,3,,3.657,#REF!
3.658,,,2,2,,3.658,#REF!
3.659,,,1,1,,3.659,#REF!
3.661,,,1,1,,3.661,#REF!
3.663,,,1,1,,3.663,#REF!
3.664,2,,1,3,,3.664,#REF!
3.665,,,1,1,,3.665,#REF!
3.666,,,1,1,,3.666,#REF!
3.667,1,,3,4,,3.667,#REF!
3.668,,,3,3,,3.668,#REF!
3.669,1,,2,3,,3.669,#REF!
3.67,,,1,1,,3.67,#REF!
3.672,,,2,2,,3.672,#REF!
3.674,,,1,1,,3.674,#REF!
3.675,1,,2,3,,3.675,#REF!
3.676,,,2,2,,3.676,#REF!
3.678,1,,3,4,,3.678,#REF!
3.679,1,,2,3,,3.679,#REF!
3.68,1,,1,2,,3.68,#REF!
3.681,,,1,1,,3.681,#REF!
3.682,1,,,1,,3.682,#REF!
3.683,,1,,1,,3.683,#REF!
3.684,,,1,1,,3.684,#REF!
3.685,1,,1,2,,3.685,#REF!
3.686,,,1,1,,3.686,#REF!
3.688,,,2,2,,3.688,#REF!
3.689,,,1,1,,3.689,#REF!
3.69,,,1,1,,3.69,#REF!
3.693,1,,1,2,,3.693,#REF!
3.696,,,1,1,,3.696,#REF!
3.698,,1,2,3,,3.698,#REF!
3.699,1,,1,2,,3.699,#REF!
3.703,,,2,2,,3.703,#REF!
3.704,,,2,2,,3.704,#REF!
3.705,,,1,1,,3.705,#REF!
3.706,,,2,2,,3.706,#REF!
3.707,,,2,2,,3.707,#REF!
3.708,,,1,1,,3.708,#REF!
3.711,,,2,2,,3.711,#REF!
3.712,1,,1,2,,3.712,#REF!
3.714,,,2,2,,3.714,#REF!
3.715,,,2,2,,3.715,#REF!
3.716,,,1,1,,3.716,#REF!
3.717,,,2,2,,3.717,#REF!
3.718,1,,1,2,,3.718,#REF!
3.72,,,3,3,,3.72,#REF!
3.721,,,1,1,,3.721,#REF!
3.722,,,1,1,,3.722,#REF!
3.724,,,2,2,,3.724,#REF!
3.725,1,,1,2,,3.725,#REF!
3.726,,,2,2,,3.726,#REF!
3.728,,1,3,4,,3.728,#REF!
3.729,,,2,2,,3.729,#REF!
3.73,,,1,1,,3.73,#REF!
3.731,,,3,3,,3.731,#REF!
3.732,1,,,1,,3.732,#REF!
3.733,1,,,1,,3.733,#REF!
3.735,1,,1,2,,3.735,#REF!
3.736,,,1,1,,3.736,#REF!
3.737,,,1,1,,3.737,#REF!
3.738,,,2,2,,3.738,#REF!
3.739,,,2,2,,3.739,#REF!
3.74,,2,1,3,,3.74,#REF!
3.741,,1,1,2,,3.741,#REF!
3.742,1,,,1,,3.742,#REF!
3.743,,,1,1,,3.743,#REF!
3.744,,,1,1,,3.744,#REF!
3.745,1,1,,2,,3.745,#REF!
3.747,,,1,1,,3.747,#REF!
3.748,,,3,3,,3.748,#REF!
3.75,,,1,1,,3.75,#REF!
3.751,1,,,1,,3.751,#REF!
3.753,,,2,2,,3.753,#REF!
3.754,1,,2,3,,3.754,#REF!
3.755,2,,1,3,,3.755,#REF!
3.757,1,,1,2,,3.757,#REF!
3.759,1,,2,3,,3.759,#REF!
3.76,3,,1,4,,3.76,#REF!
3.761,,,1,1,,3.761,#REF!
3.762,1,,,1,,3.762,#REF!
3.763,,,1,1,,3.763,#REF!
3.764,3,,,3,,3.764,#REF!
3.765,1,,1,2,,3.765,#REF!
3.766,2,,1,3,,3.766,#REF!
3.768,2,,1,3,,3.768,#REF!
3.769,,1,1,2,,3.769,#REF!
3.771,,,1,1,,3.771,#REF!
3.772,1,,1,2,,3.772,#REF!
3.773,,,3,3,,3.773,#REF!
3.774,1,,,1,,3.774,#REF!
3.775,1,,1,2,,3.775,#REF!
3.776,,,3,3,,3.776,#REF!
3.777,,,1,1,,3.777,#REF!
3.778,,,2,2,,3.778,#REF!
3.779,1,,1,2,,3.779,#REF!
3.78,1,,2,3,,3.78,#REF!
3.781,,,2,2,,3.781,#REF!
3.782,,,2,2,,3.782,#REF!
3.783,,2,3,5,,3.783,#REF!
3.784,,,1,1,,3.784,#REF!
3.787,2,,4,6,,3.787,#REF!
3.788,1,,2,3,,3.788,#REF!
3.789,,,2,2,,3.789,#REF!
3.79,,,2,2,,3.79,#REF!
3.791,,,2,2,,3.791,#REF!
3.792,,1,2,3,,3.792,#REF!
3.793,1,,5,6,,3.793,#REF!
3.795,,,2,2,,3.795,#REF!
3.796,,,2,2,,3.796,#REF!
3.797,3,,1,4,,3.797,#REF!
3.798,,,2,2,,3.798,#REF!
3.8,2,1,2,5,,3.8,#REF!
3.801,,,1,1,,3.801,#REF!
3.802,1,1,1,3,,3.802,#REF!
3.803,,,1,1,,3.803,#REF!
3.804,1,,,1,,3.804,#REF!
3.805,1,1,1,3,,3.805,#REF!
3.806,3,,1,4,,3.806,#REF!
3.807,,,1,1,,3.807,#REF!
3.808,1,,5,6,,3.808,#REF!
3.809,,,2,2,,3.809,#REF!
3.81,1,,1,2,,3.81,#REF!
3.811,,,2,2,,3.811,#REF!
3.813,4,,5,9,,3.813,#REF!
3.814,2,,2,4,,3.814,#REF!
3.815,1,,1,2,,3.815,#REF!
3.816,,,1,1,,3.816,#REF!
3.817,1,,,1,,3.817,#REF!
3.818,,,2,2,,3.818,#REF!
3.819,1,,,1,,3.819,#REF!
3.82,,,1,1,,3.82,#REF!
3.822,1,,4,5,,3.822,#REF!
3.823,1,,2,3,,3.823,#REF!
3.824,1,,2,3,,3.824,#REF!
3.825,,,2,2,,3.825,#REF!
3.826,,,2,2,,3.826,#REF!
3.827,,,2,2,,3.827,#REF!
3.828,,,2,2,,3.828,#REF!
3.829,1,,5,6,,3.829,#REF!
3.83,,,1,1,,3.83,#REF!
3.831,,,3,3,,3.831,#REF!
3.832,,,1,1,,3.832,#REF!
3.833,1,,1,2,,3.833,#REF!
3.834,,,1,1,,3.834,#REF!
3.835,,,6,6,,3.835,#REF!
3.836,,,1,1,,3.836,#REF!
3.837,2,2,2,6,,3.837,#REF!
3.838,,1,2,3,,3.838,#REF!
3.839,,,1,1,,3.839,#REF!
3.84,,,3,3,,3.84,#REF!
3.841,1,,,1,,3.841,#REF!
3.842,,,6,6,,3.842,#REF!
3.843,2,1,,3,,3.843,#REF!
3.844,1,,3,4,,3.844,#REF!
3.846,1,,2,3,,3.846,#REF!
3.847,,,1,1,,3.847,#REF!
3.848,,,1,1,,3.848,#REF!
3.849,1,,2,3,,3.849,#REF!
3.851,,,1,1,,3.851,#REF!
3.852,,,1,1,,3.852,#REF!
3.853,1,,1,2,,3.853,#REF!
3.854,,1,2,3,,3.854,#REF!
3.856,,,4,4,,3.856,#REF!
3.858,,,1,1,,3.858,#REF!
3.859,1,,1,2,,3.859,#REF!
3.86,,1,5,6,,3.86,#REF!
3.861,1,,2,3,,3.861,#REF!
3.862,,1,1,2,,3.862,#REF!
3.864,,2,1,3,,3.864,#REF!
3.865,,,2,2,,3.865,#REF!
3.866,,,1,1,,3.866,#REF!
3.867,,1,1,2,,3.867,#REF!
3.868,1,,1,2,,3.868,#REF!
3.869,,,1,1,,3.869,#REF!
3.87,2,,2,4,,3.87,#REF!
3.871,,,1,1,,3.871,#REF!
3.872,,,2,2,,3.872,#REF!
3.873,,,1,1,,3.873,#REF!
3.874,,,2,2,,3.874,#REF!
3.875,,,1,1,,3.875,#REF!
3.876,,,2,2,,3.876,#REF!
3.877,1,2,1,4,,3.877,#REF!
3.878,,,3,3,,3.878,#REF!
3.88,,,2,2,,3.88,#REF!
3.881,,,1,1,,3.881,#REF!
3.882,1,,4,5,,3.882,#REF!
3.883,1,,3,4,,3.883,#REF!
3.884,1,,1,2,,3.884,#REF!
3.885,1,,3,4,,3.885,#REF!
3.886,,,1,1,,3.886,#REF!
3.888,,,4,4,,3.888,#REF!
3.889,,,1,1,,3.889,#REF!
3.89,1,,4,5,,3.89,#REF!
3.892,1,1,2,4,,3.892,#REF!
3.893,2,,3,5,,3.893,#REF!
3.894,1,,2,3,,3.894,#REF!
3.895,,,2,2,,3.895,#REF!
3.896,,,2,2,,3.896,#REF!
3.897,,3,1,4,,3.897,#REF!
3.898,,,2,2,,3.898,#REF!
3.899,,,2,2,,3.899,#REF!
3.9,,,1,1,,3.9,#REF!
3.901,,,2,2,,3.901,#REF!
3.902,,1,1,2,,3.902,#REF!
3.903,1,1,2,4,,3.903,#REF!
3.904,1,1,2,4,,3.904,#REF!
3.905,,,3,3,,3.905,#REF!
3.906,,1,3,4,,3.906,#REF!
3.907,,2,4,6,,3.907,#REF!
3.908,,,4,4,,3.908,#REF!
3.909,,1,,1,,3.909,#REF!
3.91,,,2,2,,3.91,#REF!
3.911,,,1,1,,3.911,#REF!
3.913,,1,2,3,,3.913,#REF!
3.914,,1,2,3,,3.914,#REF!
3.915,1,,,1,,3.915,#REF!
3.916,1,,,1,,3.916,#REF!
3.917,,,1,1,,3.917,#REF!
3.919,,,1,1,,3.919,#REF!
3.92,,,2,2,,3.92,#REF!
3.921,,,3,3,,3.921,#REF!
3.922,,,1,1,,3.922,#REF!
3.923,,2,1,3,,3.923,#REF!
3.924,2,,1,3,,3.924,#REF!
3.925,1,1,3,5,,3.925,#REF!
3.926,,,4,4,,3.926,#REF!
3.927,3,1,,4,,3.927,#REF!
3.93,,,1,1,,3.93,#REF!
3.931,,,1,1,,3.931,#REF!
3.933,,,1,1,,3.933,#REF!
3.934,3,,3,6,,3.934,#REF!
3.935,1,,2,3,,3.935,#REF!
3.936,1,,3,4,,3.936,#REF!
3.937,,,3,3,,3.937,#REF!
3.939,2,1,2,5,,3.939,#REF!
3.94,,,3,3,,3.94,#REF!
3.941,1,,2,3,,3.941,#REF!
3.942,,2,,2,,3.942,#REF!
3.943,,,1,1,,3.943,#REF!
3.945,3,,1,4,,3.945,#REF!
3.946,1,,5,6,,3.946,#REF!
3.947,,,1,1,,3.947,#REF!
3.948,1,,1,2,,3.948,#REF!
3.949,1,,1,2,,3.949,#REF!
3.95,,,2,2,,3.95,#REF!
3.951,,2,2,4,,3.951,#REF!
3.952,,,1,1,,3.952,#REF!
3.953,1,,1,2,,3.953,#REF!
3.954,1,1,,2,,3.954,#REF!
3.955,1,,,1,,3.955,#REF!
3.956,,,1,1,,3.956,#REF!
3.957,1,,,1,,3.957,#REF!
3.958,,1,1,2,,3.958,#REF!
3.959,,,4,4,,3.959,#REF!
3.96,2,,4,6,,3.96,#REF!
3.961,1,,2,3,,3.961,#REF!
3.962,1,,2,3,,3.962,#REF!
3.963,2,4,1,7,,3.963,#REF!
3.964,2,1,3,6,,3.964,#REF!
3.965,1,,1,2,,3.965,#REF!
3.966,1,,2,3,,3.966,#REF!
3.967,1,,2,3,,3.967,#REF!
3.968,1,1,,2,,3.968,#REF!
3.969,,,2,2,,3.969,#REF!
3.97,,1,4,5,,3.97,#REF!
3.971,1,,6,7,,3.971,#REF!
3.972,2,3,1,6,,3.972,#REF!
3.973,3,2,4,9,,3.973,#REF!
3.974,,1,1,2,,3.974,#REF!
3.975,,,1,1,,3.975,#REF!
3.976,2,1,,3,,3.976,#REF!
3.977,,,1,1,,3.977,#REF!
3.978,1,,3,4,,3.978,#REF!
3.979,,,1,1,,3.979,#REF!
3.98,2,2,,4,,3.98,#REF!
3.982,,,2,2,,3.982,#REF!
3.983,,1,1,2,,3.983,#REF!
3.984,,,2,2,,3.984,#REF!
3.985,3,1,3,7,,3.985,#REF!
3.986,,,4,4,,3.986,#REF!
3.987,1,1,,2,,3.987,#REF!
3.988,1,,2,3,,3.988,#REF!
3.989,1,,3,4,,3.989,#REF!
3.99,1,,,1,,3.99,#REF!
3.991,2,,1,3,,3.991,#REF!
3.992,,1,2,3,,3.992,#REF!
3.993,3,1,2,6,,3.993,#REF!
3.994,,,1,1,,3.994,#REF!
3.996,,,1,1,,3.996,#REF!
3.997,,,3,3,,3.997,#REF!
3.998,,1,3,4,,3.998,#REF!
3.999,2,,2,4,,3.999,#REF!
4.001,1,,1,2,,4.001,#REF!
4.002,3,1,1,5,,4.002,#REF!
4.003,,,3,3,,4.003,#REF!
4.004,1,2,2,5,,4.004,#REF!
4.005,,2,1,3,,4.005,#REF!
4.006,,,1,1,,4.006,#REF!
4.007,1,1,2,4,,4.007,#REF!
4.008,,,2,2,,4.008,#REF!
4.009,,,3,3,,4.009,#REF!
4.01,,1,2,3,,4.01,#REF!
4.012,1,,2,3,,4.012,#REF!
4.013,1,3,4,8,,4.013,#REF!
4.014,,1,4,5,,4.014,#REF!
4.016,1,1,1,3,,4.016,#REF!
4.017,,4,,4,,4.017,#REF!
4.018,2,,4,6,,4.018,#REF!
4.019,2,2,,4,,4.019,#REF!
4.02,,1,3,4,,4.02,#REF!
4.021,1,,1,2,,4.021,#REF!
4.022,,5,,5,,4.022,#REF!
4.023,1,,2,3,,4.023,#REF!
4.024,2,2,4,8,,4.024,#REF!
4.025,2,1,3,6,,4.025,#REF!
4.026,2,1,2,5,,4.026,#REF!
4.027,2,,,2,,4.027,#REF!
4.028,,,3,3,,4.028,#REF!
4.029,,1,2,3,,4.029,#REF!
4.03,,1,,1,,4.03,#REF!
4.031,,1,2,3,,4.031,#REF!
4.032,,,1,1,,4.032,#REF!
4.033,,,2,2,,4.033,#REF!
4.034,1,,,1,,4.034,#REF!
4.035,1,,3,4,,4.035,#REF!
4.036,2,,3,5,,4.036,#REF!
4.037,2,3,2,7,,4.037,#REF!
4.038,3,1,4,8,,4.038,#REF!
4.039,1,2,1,4,,4.039,#REF!
4.04,3,2,5,10,,4.04,#REF!
4.041,,1,3,4,,4.041,#REF!
4.042,,2,1,3,,4.042,#REF!
4.043,,,2,2,,4.043,#REF!
4.044,2,,2,4,,4.044,#REF!
4.045,3,2,1,6,,4.045,#REF!
4.046,1,2,3,6,,4.046,#REF!
4.047,1,1,1,3,,4.047,#REF!
4.048,,,1,1,,4.048,#REF!
4.049,1,1,,2,,4.049,#REF!
4.05,,5,4,9,,4.05,#REF!
4.051,1,,4,5,,4.051,#REF!
4.052,,,4,4,,4.052,#REF!
4.053,,,2,2,,4.053,#REF!
4.054,1,,1,2,,4.054,#REF!
4.055,2,,2,4,,4.055,#REF!
4.056,,1,1,2,,4.056,#REF!
4.057,,2,1,3,,4.057,#REF!
4.058,,,2,2,,4.058,#REF!
4.059,1,,2,3,,4.059,#REF!
4.06,1,,2,3,,4.06,#REF!
4.061,,3,1,4,,4.061,#REF!
4.062,1,1,1,3,,4.062,#REF!
4.063,1,,2,3,,4.063,#REF!
4.064,,,3,3,,4.064,#REF!
4.065,3,3,,6,,4.065,#REF!
4.066,,2,4,6,,4.066,#REF!
4.067,,,3,3,,4.067,#REF!
4.068,,,2,2,,4.068,#REF!
4.069,2,4,7,13,,4.069,#REF!
4.07,1,,4,5,,4.07,#REF!
4.071,1,,3,4,,4.071,#REF!
4.072,3,2,2,7,,4.072,#REF!
4.073,1,1,3,5,,4.073,#REF!
4.074,,1,3,4,,4.074,#REF!
4.075,1,,3,4,,4.075,#REF!
4.076,2,1,,3,,4.076,#REF!
4.077,2,1,2,5,,4.077,#REF!
4.078,1,,1,2,,4.078,#REF!
4.079,,1,1,2,,4.079,#REF!
4.08,,1,7,8,,4.08,#REF!
4.081,,,3,3,,4.081,#REF!
4.082,1,,2,3,,4.082,#REF!
4.083,2,2,2,6,,4.083,#REF!
4.084,2,1,6,9,,4.084,#REF!
4.085,,,4,4,,4.085,#REF!
4.086,1,,2,3,,4.086,#REF!
4.087,1,3,3,7,,4.087,#REF!
4.088,,4,2,6,,4.088,#REF!
4.089,,,2,2,,4.089,#REF!
4.09,2,3,1,6,,4.09,#REF!
4.091,,5,3,8,,4.091,#REF!
4.093,2,4,1,7,,4.093,#REF!
4.094,2,1,3,6,,4.094,#REF!
4.095,,,1,1,,4.095,#REF!
4.096,,1,1,2,,4.096,#REF!
4.097,,1,3,4,,4.097,#REF!
4.098,1,,1,2,,4.098,#REF!
4.099,,,2,2,,4.099,#REF!
4.1,1,1,2,4,,4.1,#REF!
4.101,2,2,4,8,,4.101,#REF!
4.102,,,3,3,,4.102,#REF!
4.103,1,1,5,7,,4.103,#REF!
4.104,,,2,2,,4.104,#REF!
4.105,1,2,1,4,,4.105,#REF!
4.106,2,3,5,10,,4.106,#REF!
4.107,,2,6,8,,4.107,#REF!
4.108,4,3,,7,,4.108,#REF!
4.109,2,,2,4,,4.109,#REF!
4.11,,,1,1,,4.11,#REF!
4.111,,,4,4,,4.111,#REF!
4.112,2,1,3,6,,4.112,#REF!
4.113,,,1,1,,4.113,#REF!
4.114,1,,7,8,,4.114,#REF!
4.115,1,3,3,7,,4.115,#REF!
4.116,1,,3,4,,4.116,#REF!
4.117,4,5,1,10,,4.117,#REF!
4.118,1,2,1,4,,4.118,#REF!
4.119,,,2,2,,4.119,#REF!
4.12,1,1,5,7,,4.12,#REF!
4.121,1,,4,5,,4.121,#REF!
4.122,,4,,4,,4.122,#REF!
4.123,4,3,2,9,,4.123,#REF!
4.125,2,,1,3,,4.125,#REF!
4.126,,,2,2,,4.126,#REF!
4.127,2,4,5,11,,4.127,#REF!
4.128,1,2,2,5,,4.128,#REF!
4.129,,1,3,4,,4.129,#REF!
4.13,,1,1,2,,4.13,#REF!
4.132,1,1,2,4,,4.132,#REF!
4.133,4,3,4,11,,4.133,#REF!
4.134,,1,2,3,,4.134,#REF!
4.135,1,,5,6,,4.135,#REF!
4.136,3,4,1,8,,4.136,#REF!
4.137,2,,5,7,,4.137,#REF!
4.138,,,4,4,,4.138,#REF!
4.139,4,1,2,7,,4.139,#REF!
4.14,1,,1,2,,4.14,#REF!
4.141,,,3,3,,4.141,#REF!
4.142,1,,1,2,,4.142,#REF!
4.143,,,3,3,,4.143,#REF!
4.144,2,2,4,8,,4.144,#REF!
4.145,1,,4,5,,4.145,#REF!
4.146,,,5,5,,4.146,#REF!
4.147,,1,3,4,,4.147,#REF!
4.148,2,3,2,7,,4.148,#REF!
4.149,1,4,1,6,,4.149,#REF!
4.15,1,1,2,4,,4.15,#REF!
4.151,3,3,5,11,,4.151,#REF!
4.152,,4,3,7,,4.152,#REF!
4.153,1,,,1,,4.153,#REF!
4.154,1,3,2,6,,4.154,#REF!
4.155,1,,9,10,,4.155,#REF!
4.156,1,,2,3,,4.156,#REF!
4.157,,2,,2,,4.157,#REF!
4.158,1,,4,5,,4.158,#REF!
4.159,,5,3,8,,4.159,#REF!
4.16,3,3,5,11,,4.16,#REF!
4.161,2,1,2,5,,4.161,#REF!
4.162,2,2,3,7,,4.162,#REF!
4.163,2,2,3,7,,4.163,#REF!
4.164,,1,1,2,,4.164,#REF!
4.165,1,,3,4,,4.165,#REF!
4.166,,,2,2,,4.166,#REF!
4.167,,,4,4,,4.167,#REF!
4.168,3,3,3,9,,4.168,#REF!
4.169,,7,2,9,,4.169,#REF!
4.17,1,1,5,7,,4.17,#REF!
4.171,2,,4,6,,4.171,#REF!
4.172,1,2,1,4,,4.172,#REF!
4.173,4,2,1,7,,4.173,#REF!
4.174,,,2,2,,4.174,#REF!
4.175,3,2,3,8,,4.175,#REF!
4.176,1,,9,10,,4.176,#REF!
4.177,,2,1,3,,4.177,#REF!
4.178,4,3,7,14,,4.178,#REF!
4.179,3,,2,5,,4.179,#REF!
4.181,,2,2,4,,4.181,#REF!
4.182,,,2,2,,4.182,#REF!
4.183,2,1,3,6,,4.183,#REF!
4.184,,1,1,2,,4.184,#REF!
4.185,2,4,2,8,,4.185,#REF!
4.186,1,,4,5,,4.186,#REF!
4.187,,,2,2,,4.187,#REF!
4.188,,3,1,4,,4.188,#REF!
4.189,4,1,,5,,4.189,#REF!
4.19,1,2,1,4,,4.19,#REF!
4.191,3,11,3,17,,4.191,#REF!
4.192,1,3,3,7,,4.192,#REF!
4.193,5,1,5,11,,4.193,#REF!
4.194,,4,2,6,,4.194,#REF!
4.195,2,,2,4,,4.195,#REF!
4.196,1,3,5,9,,4.196,#REF!
4.197,,4,,4,,4.197,#REF!
4.198,2,3,3,8,,4.198,#REF!
4.199,2,1,4,7,,4.199,#REF!
4.2,,4,3,7,,4.2,#REF!
4.201,,1,3,4,,4.201,#REF!
4.202,,6,,6,,4.202,#REF!
4.203,1,,1,2,,4.203,#REF!
4.204,,3,2,5,,4.204,#REF!
4.205,,,2,2,,4.205,#REF!
4.206,2,,2,4,,4.206,#REF!
4.207,1,1,4,6,,4.207,#REF!
4.208,1,,6,7,,4.208,#REF!
4.209,3,1,3,7,,4.209,#REF!
4.21,,1,1,2,,4.21,#REF!
4.211,2,,2,4,,4.211,#REF!
4.212,3,2,6,11,,4.212,#REF!
4.213,,2,2,4,,4.213,#REF!
4.214,,,3,3,,4.214,#REF!
4.215,1,2,2,5,,4.215,#REF!
4.216,,,1,1,,4.216,#REF!
4.217,1,1,4,6,,4.217,#REF!
4.218,1,7,1,9,,4.218,#REF!
4.219,2,,1,3,,4.219,#REF!
4.22,3,7,5,15,,4.22,#REF!
4.221,1,7,2,10,,4.221,#REF!
4.222,,1,2,3,,4.222,#REF!
4.223,1,1,4,6,,4.223,#REF!
4.224,2,4,3,9,,4.224,#REF!
4.225,1,,4,5,,4.225,#REF!
4.226,,,4,4,,4.226,#REF!
4.227,3,2,1,6,,4.227,#REF!
4.228,4,,2,6,,4.228,#REF!
4.229,1,1,2,4,,4.229,#REF!
4.23,1,,3,4,,4.23,#REF!
4.231,,,3,3,,4.231,#REF!
4.232,1,1,3,5,,4.232,#REF!
4.233,2,1,2,5,,4.233,#REF!
4.234,,5,,5,,4.234,#REF!
4.235,,2,2,4,,4.235,#REF!
4.236,1,2,1,4,,4.236,#REF!
4.237,1,4,2,7,,4.237,#REF!
4.238,2,4,1,7,,4.238,#REF!
4.239,2,1,3,6,,4.239,#REF!
4.24,1,2,1,4,,4.24,#REF!
4.241,1,2,4,7,,4.241,#REF!
4.242,1,2,2,5,,4.242,#REF!
4.243,2,3,5,10,,4.243,#REF!
4.244,5,5,3,13,,4.244,#REF!
4.245,,,1,1,,4.245,#REF!
4.246,1,2,2,5,,4.246,#REF!
4.247,4,5,3,12,,4.247,#REF!
4.248,3,,2,5,,4.248,#REF!
4.249,,3,5,8,,4.249,#REF!
4.25,2,2,6,10,,4.25,#REF!
4.251,2,4,1,7,,4.251,#REF!
4.252,2,1,1,4,,4.252,#REF!
4.253,1,1,,2,,4.253,#REF!
4.254,,3,1,4,,4.254,#REF!
4.255,1,1,2,4,,4.255,#REF!
4.256,3,1,3,7,,4.256,#REF!
4.257,2,2,3,7,,4.257,#REF!
4.258,3,,2,5,,4.258,#REF!
4.259,1,1,2,4,,4.259,#REF!
4.26,1,5,2,8,,4.26,#REF!
4.261,1,3,1,5,,4.261,#REF!
4.262,1,,1,2,,4.262,#REF!
4.263,5,5,,10,,4.263,#REF!
4.264,1,6,4,11,,4.264,#REF!
4.265,1,4,3,8,,4.265,#REF!
4.266,4,7,1,12,,4.266,#REF!
4.267,,2,2,4,,4.267,#REF!
4.268,,1,1,2,,4.268,#REF!
4.269,5,10,3,18,,4.269,#REF!
4.27,4,2,1,7,,4.27,#REF!
4.271,1,4,7,12,,4.271,#REF!
4.272,1,2,1,4,,4.272,#REF!
4.273,1,,4,5,,4.273,#REF!
4.274,1,8,1,10,,4.274,#REF!
4.275,5,2,4,11,,4.275,#REF!
4.276,3,3,4,10,,4.276,#REF!
4.277,,,3,3,,4.277,#REF!
4.278,3,3,6,12,,4.278,#REF!
4.279,1,6,2,9,,4.279,#REF!
4.28,1,3,1,5,,4.28,#REF!
4.281,1,4,5,10,,4.281,#REF!
4.282,2,3,3,8,,4.282,#REF!
4.283,1,3,6,10,,4.283,#REF!
4.284,2,9,2,13,,4.284,#REF!
4.285,2,6,1,9,,4.285,#REF!
4.286,,,4,4,,4.286,#REF!
4.287,1,6,1,8,,4.287,#REF!
4.288,5,1,1,7,,4.288,#REF!
4.289,,,2,2,,4.289,#REF!
4.29,4,3,2,9,,4.29,#REF!
4.291,,1,3,4,,4.291,#REF!
4.292,4,,4,8,,4.292,#REF!
4.293,1,3,4,8,,4.293,#REF!
4.294,1,1,2,4,,4.294,#REF!
4.296,2,,6,8,,4.296,#REF!
4.297,5,2,4,11,,4.297,#REF!
4.298,2,1,,3,,4.298,#REF!
4.299,2,2,4,8,,4.299,#REF!
4.3,1,2,4,7,,4.3,#REF!
4.301,1,2,5,8,,4.301,#REF!
4.302,,2,2,4,,4.302,#REF!
4.303,2,6,3,11,,4.303,#REF!
4.304,2,5,1,8,,4.304,#REF!
4.305,,2,3,5,,4.305,#REF!
4.306,5,1,2,8,,4.306,#REF!
4.307,,2,5,7,,4.307,#REF!
4.308,2,3,4,9,,4.308,#REF!
4.309,2,5,1,8,,4.309,#REF!
4.31,1,,1,2,,4.31,#REF!
4.311,1,,6,7,,4.311,#REF!
4.312,,,2,2,,4.312,#REF!
4.313,1,2,1,4,,4.313,#REF!
4.314,2,5,2,9,,4.314,#REF!
4.315,2,3,4,9,,4.315,#REF!
4.316,2,3,3,8,,4.316,#REF!
4.317,,7,1,8,,4.317,#REF!
4.318,2,,4,6,,4.318,#REF!
4.319,2,3,2,7,,4.319,#REF!
4.32,1,2,3,6,,4.32,#REF!
4.321,2,2,7,11,,4.321,#REF!
4.322,3,9,3,15,,4.322,#REF!
4.323,3,3,3,9,,4.323,#REF!
4.324,1,3,2,6,,4.324,#REF!
4.325,,,7,7,,4.325,#REF!
4.326,6,7,5,18,,4.326,#REF!
4.327,4,13,1,18,,4.327,#REF!
4.328,2,4,3,9,,4.328,#REF!
4.329,2,2,4,8,,4.329,#REF!
4.33,7,,10,17,,4.33,#REF!
4.331,2,7,6,15,,4.331,#REF!
4.332,3,5,3,11,,4.332,#REF!
4.333,5,3,3,11,,4.333,#REF!
4.334,,1,2,3,,4.334,#REF!
4.335,3,3,4,10,,4.335,#REF!
4.336,,,2,2,,4.336,#REF!
4.337,4,2,8,14,,4.337,#REF!
4.338,2,7,5,14,,4.338,#REF!
4.339,3,3,2,8,,4.339,#REF!
4.34,,6,4,10,,4.34,#REF!
4.341,2,2,2,6,,4.341,#REF!
4.342,3,6,4,13,,4.342,#REF!
4.343,4,,6,10,,4.343,#REF!
4.344,,1,1,2,,4.344,#REF!
4.345,2,5,3,10,,4.345,#REF!
4.346,4,2,5,11,,4.346,#REF!
4.347,2,3,3,8,,4.347,#REF!
4.348,2,3,3,8,,4.348,#REF!
4.349,5,1,6,12,,4.349,#REF!
4.35,2,2,1,5,,4.35,#REF!
4.351,2,4,6,12,,4.351,#REF!
4.352,4,3,7,14,,4.352,#REF!
4.353,4,7,3,14,,4.353,#REF!
4.354,3,4,7,14,,4.354,#REF!
4.355,2,3,2,7,,4.355,#REF!
4.356,,4,3,7,,4.356,#REF!
4.357,4,2,4,10,,4.357,#REF!
4.358,2,6,6,14,,4.358,#REF!
4.359,2,5,4,11,,4.359,#REF!
4.36,4,,3,7,,4.36,#REF!
4.361,2,4,4,10,,4.361,#REF!
4.362,1,5,1,7,,4.362,#REF!
4.363,4,3,5,12,,4.363,#REF!
4.364,4,7,11,22,,4.364,#REF!
4.365,4,6,2,12,,4.365,#REF!
4.366,1,3,6,10,,4.366,#REF!
4.367,3,1,3,7,,4.367,#REF!
4.368,1,2,2,5,,4.368,#REF!
4.369,3,1,5,9,,4.369,#REF!
4.37,2,3,3,8,,4.37,#REF!
4.371,3,,5,8,,4.371,#REF!
4.372,1,6,9,16,,4.372,#REF!
4.373,2,1,5,8,,4.373,#REF!
4.374,1,3,6,10,,4.374,#REF!
4.375,6,6,10,22,,4.375,#REF!
4.376,1,7,1,9,,4.376,#REF!
4.377,4,2,4,10,,4.377,#REF!
4.378,5,4,12,21,,4.378,#REF!
4.379,1,1,4,6,,4.379,#REF!
4.38,1,,5,6,,4.38,#REF!
4.381,2,3,15,20,,4.381,#REF!
4.382,5,2,13,20,,4.382,#REF!
4.383,1,1,4,6,,4.383,#REF!
4.384,6,6,1,13,,4.384,#REF!
4.385,5,4,9,18,,4.385,#REF!
4.386,5,2,8,15,,4.386,#REF!
4.387,6,5,9,20,,4.387,#REF!
4.388,1,2,4,7,,4.388,#REF!
4.389,6,5,5,16,,4.389,#REF!
4.39,3,1,4,8,,4.39,#REF!
4.391,1,5,9,15,,4.391,#REF!
4.392,3,1,1,5,,4.392,#REF!
4.393,1,2,4,7,,4.393,#REF!
4.394,5,12,6,23,,4.394,#REF!
4.395,3,4,11,18,,4.395,#REF!
4.396,2,3,13,18,,4.396,#REF!
4.397,3,7,10,20,,4.397,#REF!
4.398,2,2,6,10,,4.398,#REF!
4.399,5,4,6,15,,4.399,#REF!
4.4,1,7,5,13,,4.4,#REF!
4.401,2,3,5,10,,4.401,#REF!
4.402,4,3,9,16,,4.402,#REF!
4.403,5,6,6,17,,4.403,#REF!
4.404,4,2,12,18,,4.404,#REF!
4.405,1,5,6,12,,4.405,#REF!
4.406,1,7,3,11,,4.406,#REF!
4.407,3,4,8,15,,4.407,#REF!
4.408,3,3,14,20,,4.408,#REF!
4.409,5,5,10,20,,4.409,#REF!
4.41,2,5,17,24,,4.41,#REF!
4.411,11,5,12,28,,4.411,#REF!
4.412,2,1,4,7,,4.412,#REF!
4.413,4,4,6,14,,4.413,#REF!
4.414,2,3,4,9,,4.414,#REF!
4.415,3,6,6,15,,4.415,#REF!
4.416,3,1,5,9,,4.416,#REF!
4.417,8,4,13,25,,4.417,#REF!
4.418,7,2,12,21,,4.418,#REF!
4.419,4,3,9,16,,4.419,#REF!
4.42,1,2,6,9,,4.42,#REF!
4.421,6,8,8,22,,4.421,#REF!
4.422,3,2,10,15,,4.422,#REF!
4.423,1,4,6,11,,4.423,#REF!
4.424,7,,5,12,,4.424,#REF!
4.425,6,2,6,14,,4.425,#REF!
4.426,9,6,17,32,,4.426,#REF!
4.427,3,3,12,18,,4.427,#REF!
4.428,7,4,8,19,,4.428,#REF!
4.429,8,1,9,18,,4.429,#REF!
4.43,2,4,3,9,,4.43,#REF!
4.431,3,4,8,15,,4.431,#REF!
4.432,6,1,5,12,,4.432,#REF!
4.433,5,4,17,26,,4.433,#REF!
4.434,9,7,10,26,,4.434,#REF!
4.435,1,3,10,14,,4.435,#REF!
4.436,6,3,7,16,,4.436,#REF!
4.437,1,5,5,11,,4.437,#REF!
4.438,10,4,110,124,,4.438,#REF!
4.439,2,2,6,10,,4.439,#REF!
4.44,6,6,10,22,,4.44,#REF!
4.441,2,7,2,11,,4.441,#REF!
4.442,17,6,13,36,,4.442,#REF!
4.443,2,1,5,8,,4.443,#REF!
4.444,7,2,8,17,,4.444,#REF!
4.445,5,5,9,19,,4.445,#REF!
4.446,5,4,5,14,,4.446,#REF!
4.447,5,14,9,28,,4.447,#REF!
4.448,3,,14,17,,4.448,#REF!
4.449,7,6,15,28,,4.449,#REF!
4.45,4,10,16,30,,4.45,#REF!
4.451,2,2,6,10,,4.451,#REF!
4.452,2,6,8,16,,4.452,#REF!
4.453,8,2,9,19,,4.453,#REF!
4.454,7,2,18,27,,4.454,#REF!
4.455,1,7,13,21,,4.455,#REF!
4.456,4,2,13,19,,4.456,#REF!
4.457,6,9,11,26,,4.457,#REF!
4.458,2,5,8,15,,4.458,#REF!
4.459,3,6,7,16,,4.459,#REF!
4.46,8,9,10,27,,4.46,#REF!
4.461,3,1,6,10,,4.461,#REF!
4.462,2,6,7,15,,4.462,#REF!
4.463,1,10,10,21,,4.463,#REF!
4.464,13,2,10,25,,4.464,#REF!
4.465,2,3,7,12,,4.465,#REF!
4.466,,4,16,20,,4.466,#REF!
4.467,4,7,4,15,,4.467,#REF!
4.468,2,3,8,13,,4.468,#REF!
4.469,3,9,6,18,,4.469,#REF!
4.47,8,11,8,27,,4.47,#REF!
4.471,11,5,27,43,,4.471,#REF!
4.472,10,12,23,45,,4.472,#REF!
4.473,3,6,13,22,,4.473,#REF!
4.474,6,9,4,19,,4.474,#REF!
4.475,2,,4,6,,4.475,#REF!
4.476,5,4,17,26,,4.476,#REF!
4.477,3,6,6,15,,4.477,#REF!
4.478,6,1,13,20,,4.478,#REF!
4.479,7,4,8,19,,4.479,#REF!
4.48,3,3,4,10,,4.48,#REF!
4.481,7,5,13,25,,4.481,#REF!
4.482,3,1,7,11,,4.482,#REF!
4.483,7,4,5,16,,4.483,#REF!
4.484,6,13,6,25,,4.484,#REF!
4.485,8,6,11,25,,4.485,#REF!
4.486,10,11,17,38,,4.486,#REF!
4.487,13,9,27,49,,4.487,#REF!
4.488,8,5,8,21,,4.488,#REF!
4.489,4,13,21,38,,4.489,#REF!
4.49,7,2,6,15,,4.49,#REF!
4.491,5,12,4,21,,4.491,#REF!
4.492,6,5,10,21,,4.492,#REF!
4.493,7,5,17,29,,4.493,#REF!
4.494,5,10,24,39,,4.494,#REF!
4.495,8,5,16,29,,4.495,#REF!
4.496,5,7,10,22,,4.496,#REF!
4.497,7,3,10,20,,4.497,#REF!
4.498,5,4,9,18,,4.498,#REF!
4.499,9,11,6,26,,4.499,#REF!
4.5,10,9,9,28,,4.5,#REF!
4.501,5,12,10,27,,4.501,#REF!
4.502,4,3,11,18,,4.502,#REF!
4.503,7,7,11,25,,4.503,#REF!
4.504,4,2,7,13,,4.504,#REF!
4.505,13,3,17,33,,4.505,#REF!
4.506,8,6,10,24,,4.506,#REF!
4.507,3,5,10,18,,4.507,#REF!
4.508,13,8,19,40,,4.508,#REF!
4.509,7,3,12,22,,4.509,#REF!
4.51,2,2,9,13,,4.51,#REF!
4.511,7,3,6,16,,4.511,#REF!
4.512,8,5,5,18,,4.512,#REF!
4.513,3,3,11,17,,4.513,#REF!
4.514,7,3,14,24,,4.514,#REF!
4.515,7,3,1,11,,4.515,#REF!
4.516,7,10,11,28,,4.516,#REF!
4.517,6,7,9,22,,4.517,#REF!
4.518,3,5,12,20,,4.518,#REF!
4.519,8,6,11,25,,4.519,#REF!
4.52,7,3,7,17,,4.52,#REF!
4.521,6,8,8,22,,4.521,#REF!
4.522,8,1,11,20,,4.522,#REF!
4.523,2,7,12,21,,4.523,#REF!
4.524,3,8,9,20,,4.524,#REF!
4.525,5,,7,12,,4.525,#REF!
4.526,10,,8,18,,4.526,#REF!
4.527,4,2,10,16,,4.527,#REF!
4.528,7,3,10,20,,4.528,#REF!
4.529,6,8,19,33,,4.529,#REF!
4.53,4,3,15,22,,4.53,#REF!
4.531,3,2,10,15,,4.531,#REF!
4.532,2,5,9,16,,4.532,#REF!
4.533,3,3,7,13,,4.533,#REF!
4.534,3,7,16,26,,4.534,#REF!
4.535,3,4,9,16,,4.535,#REF!
4.536,5,6,13,24,,4.536,#REF!
4.537,3,3,10,16,,4.537,#REF!
4.538,6,21,16,43,,4.538,#REF!
4.539,3,5,15,23,,4.539,#REF!
4.54,7,10,10,27,,4.54,#REF!
4.541,8,9,10,27,,4.541,#REF!
4.542,1,7,7,15,,4.542,#REF!
4.543,3,4,10,17,,4.543,#REF!
4.544,5,4,14,23,,4.544,#REF!
4.545,5,7,16,28,,4.545,#REF!
4.546,6,4,8,18,,4.546,#REF!
4.547,6,6,13,25,,4.547,#REF!
4.548,12,5,14,31,,4.548,#REF!
4.549,2,3,8,13,,4.549,#REF!
4.55,2,4,9,15,,4.55,#REF!
4.551,6,5,17,28,,4.551,#REF!
4.552,1,4,4,9,,4.552,#REF!
4.553,5,4,16,25,,4.553,#REF!
4.554,7,8,25,40,,4.554,#REF!
4.555,9,5,6,20,,4.555,#REF!
4.556,3,5,17,25,,4.556,#REF!
4.557,5,7,13,25,,4.557,#REF!
4.558,3,6,10,19,,4.558,#REF!
4.559,11,4,16,31,,4.559,#REF!
4.56,4,4,13,21,,4.56,#REF!
4.561,4,5,15,24,,4.561,#REF!
4.562,6,18,7,31,,4.562,#REF!
4.563,6,15,8,29,,4.563,#REF!
4.564,7,6,15,28,,4.564,#REF!
4.565,5,3,9,17,,4.565,#REF!
4.566,8,10,17,35,,4.566,#REF!
4.567,4,6,7,17,,4.567,#REF!
4.568,5,1,10,16,,4.568,#REF!
4.569,2,,18,20,,4.569,#REF!
4.57,11,4,15,30,,4.57,#REF!
4.571,5,9,11,25,,4.571,#REF!
4.572,8,7,16,31,,4.572,#REF!
4.573,4,5,7,16,,4.573,#REF!
4.574,6,7,14,27,,4.574,#REF!
4.575,8,2,18,28,,4.575,#REF!
4.576,7,5,7,19,,4.576,#REF!
4.577,4,2,13,19,,4.577,#REF!
4.578,5,5,18,28,,4.578,#REF!
4.579,5,2,6,13,,4.579,#REF!
4.58,3,4,15,22,,4.58,#REF!
4.581,10,6,14,30,,4.581,#REF!
4.582,4,7,10,21,,4.582,#REF!
4.583,5,2,8,15,,4.583,#REF!
4.584,3,3,11,17,,4.584,#REF!
4.585,3,6,7,16,,4.585,#REF!
4.586,3,3,10,16,,4.586,#REF!
4.587,2,5,10,17,,4.587,#REF!
4.588,7,3,6,16,,4.588,#REF!
4.589,7,12,7,26,,4.589,#REF!
4.59,4,2,11,17,,4.59,#REF!
4.591,4,1,9,14,,4.591,#REF!
4.592,9,4,8,21,,4.592,#REF!
4.593,3,5,7,15,,4.593,#REF!
4.594,4,2,10,16,,4.594,#REF!
4.595,2,2,6,10,,4.595,#REF!
4.596,5,3,11,19,,4.596,#REF!
4.597,7,7,5,19,,4.597,#REF!
4.598,5,3,7,15,,4.598,#REF!
4.599,4,2,3,9,,4.599,#REF!
4.6,7,1,7,15,,4.6,#REF!
4.601,2,1,11,14,,4.601,#REF!
4.602,3,10,5,18,,4.602,#REF!
4.603,3,4,14,21,,4.603,#REF!
4.604,1,2,7,10,,4.604,#REF!
4.605,4,3,5,12,,4.605,#REF!
4.606,1,4,6,11,,4.606,#REF!
4.607,1,4,10,15,,4.607,#REF!
4.608,4,2,7,13,,4.608,#REF!
4.609,5,3,9,17,,4.609,#REF!
4.61,6,7,7,20,,4.61,#REF!
4.611,3,3,5,11,,4.611,#REF!
4.612,3,2,7,12,,4.612,#REF!
4.613,4,4,9,17,,4.613,#REF!
4.614,2,1,5,8,,4.614,#REF!
4.615,4,11,5,20,,4.615,#REF!
4.616,3,2,4,9,,4.616,#REF!
4.617,1,5,4,10,,4.617,#REF!
4.618,6,1,6,13,,4.618,#REF!
4.619,,1,3,4,,4.619,#REF!
4.62,2,4,6,12,,4.62,#REF!
4.621,1,,9,10,,4.621,#REF!
4.622,7,1,2,10,,4.622,#REF!
4.623,4,2,4,10,,4.623,#REF!
4.624,2,4,6,12,,4.624,#REF!
4.625,2,1,9,12,,4.625,#REF!
4.626,1,1,7,9,,4.626,#REF!
4.627,6,3,6,15,,4.627,#REF!
4.628,3,6,8,17,,4.628,#REF!
4.629,,2,7,9,,4.629,#REF!
4.63,2,3,7,12,,4.63,#REF!
4.631,,6,2,8,,4.631,#REF!
4.632,3,2,3,8,,4.632,#REF!
4.633,5,1,6,12,,4.633,#REF!
4.634,2,,3,5,,4.634,#REF!
4.635,2,6,3,11,,4.635,#REF!
4.636,1,4,6,11,,4.636,#REF!
4.637,3,2,6,11,,4.637,#REF!
4.638,1,,2,3,,4.638,#REF!
4.639,,2,6,8,,4.639,#REF!
4.64,2,1,3,6,,4.64,#REF!
4.641,6,9,2,17,,4.641,#REF!
4.642,2,,4,6,,4.642,#REF!
4.643,3,2,3,8,,4.643,#REF!
4.644,1,1,1,3,,4.644,#REF!
4.645,,1,1,2,,4.645,#REF!
4.646,2,,1,3,,4.646,#REF!
4.647,,1,1,2,,4.647,#REF!
4.648,2,2,5,9,,4.648,#REF!
4.649,,1,,1,,4.649,#REF!
4.65,1,1,4,6,,4.65,#REF!
4.651,,,4,4,,4.651,#REF!
4.652,,,2,2,,4.652,#REF!
4.653,,5,2,7,,4.653,#REF!
4.654,1,1,2,4,,4.654,#REF!
4.655,1,1,,2,,4.655,#REF!
4.656,2,8,2,12,,4.656,#REF!
4.657,1,,2,3,,4.657,#REF!
4.658,,3,2,5,,4.658,#REF!
4.659,2,,4,6,,4.659,#REF!
4.66,,4,3,7,,4.66,#REF!
4.661,,8,1,9,,4.661,#REF!
4.662,3,1,5,9,,4.662,#REF!
4.663,,,7,7,,4.663,#REF!
4.664,1,1,1,3,,4.664,#REF!
4.665,,,2,2,,4.665,#REF!
4.666,1,,,1,,4.666,#REF!
4.667,2,,1,3,,4.667,#REF!
4.668,1,2,3,6,,4.668,#REF!
4.669,2,2,4,8,,4.669,#REF!
4.67,,1,5,6,,4.67,#REF!
4.671,3,,2,5,,4.671,#REF!
4.672,,1,,1,,4.672,#REF!
4.673,1,,3,4,,4.673,#REF!
4.674,1,1,2,4,,4.674,#REF!
4.675,2,1,2,5,,4.675,#REF!
4.676,,,2,2,,4.676,#REF!
4.677,,4,,4,,4.677,#REF!
4.678,,1,2,3,,4.678,#REF!
4.679,1,,2,3,,4.679,#REF!
4.68,,1,1,2,,4.68,#REF!
4.681,4,,4,8,,4.681,#REF!
4.682,2,4,,6,,4.682,#REF!
4.683,,,2,2,,4.683,#REF!
4.684,1,3,2,6,,4.684,#REF!
4.686,1,,3,4,,4.686,#REF!
4.687,1,1,2,4,,4.687,#REF!
4.688,,,2,2,,4.688,#REF!
4.689,1,3,2,6,,4.689,#REF!
4.69,,,1,1,,4.69,#REF!
4.691,,,1,1,,4.691,#REF!
4.692,1,,,1,,4.692,#REF!
4.693,1,,,1,,4.693,#REF!
4.694,,,1,1,,4.694,#REF!
4.695,,1,,1,,4.695,#REF!
4.696,1,4,1,6,,4.696,#REF!
4.697,1,6,1,8,,4.697,#REF!
4.698,1,1,,2,,4.698,#REF!
4.699,1,1,1,3,,4.699,#REF!
4.7,1,1,3,5,,4.7,#REF!
4.702,,2,,2,,4.702,#REF!
4.703,,,2,2,,4.703,#REF!
4.704,1,1,1,3,,4.704,#REF!
4.705,1,2,1,4,,4.705,#REF!
4.707,,1,1,2,,4.707,#REF!
4.708,1,8,2,11,,4.708,#REF!
4.709,,2,1,3,,4.709,#REF!
4.71,2,1,3,6,,4.71,#REF!
4.711,1,1,,2,,4.711,#REF!
4.712,,3,1,4,,4.712,#REF!
4.713,1,2,5,8,,4.713,#REF!
4.714,1,1,1,3,,4.714,#REF!
4.715,,1,3,4,,4.715,#REF!
4.716,1,,,1,,4.716,#REF!
4.717,,,3,3,,4.717,#REF!
4.718,2,7,,9,,4.718,#REF!
4.719,,,1,1,,4.719,#REF!
4.72,,2,,2,,4.72,#REF!
4.721,6,1,6,13,,4.721,#REF!
4.722,1,5,2,8,,4.722,#REF!
4.723,,,1,1,,4.723,#REF!
4.724,2,1,,3,,4.724,#REF!
4.725,2,3,,5,,4.725,#REF!
4.726,2,1,,3,,4.726,#REF!
4.727,1,,3,4,,4.727,#REF!
4.728,,4,,4,,4.728,#REF!
4.729,,,2,2,,4.729,#REF!
4.73,,7,,7,,4.73,#REF!
4.731,1,,,1,,4.731,#REF!
4.732,2,,,2,,4.732,#REF!
4.733,1,1,2,4,,4.733,#REF!
4.734,1,2,,3,,4.734,#REF!
4.735,1,,1,2,,4.735,#REF!
4.736,3,1,1,5,,4.736,#REF!
4.737,1,,1,2,,4.737,#REF!
4.738,1,3,1,5,,4.738,#REF!
4.739,2,,,2,,4.739,#REF!
4.74,,3,2,5,,4.74,#REF!
4.741,,,1,1,,4.741,#REF!
4.742,,,2,2,,4.742,#REF!
4.743,,1,1,2,,4.743,#REF!
4.744,2,3,,5,,4.744,#REF!
4.745,,,1,1,,4.745,#REF!
4.746,2,1,1,4,,4.746,#REF!
4.747,2,1,1,4,,4.747,#REF!
4.748,1,,,1,,4.748,#REF!
4.749,,2,1,3,,4.749,#REF!
4.75,,5,,5,,4.75,#REF!
4.753,1,3,,4,,4.753,#REF!
4.754,,6,,6,,4.754,#REF!
4.755,2,,2,4,,4.755,#REF!
4.756,,,1,1,,4.756,#REF!
4.757,,1,,1,,4.757,#REF!
4.758,,2,1,3,,4.758,#REF!
4.761,1,2,,3,,4.761,#REF!
4.762,,3,,3,,4.762,#REF!
4.763,,,1,1,,4.763,#REF!
4.764,2,,,2,,4.764,#REF!
4.765,,1,,1,,4.765,#REF!
4.767,1,,3,4,,4.767,#REF!
4.769,,1,,1,,4.769,#REF!
4.773,,,2,2,,4.773,#REF!
4.774,1,,1,2,,4.774,#REF!
4.775,,1,1,2,,4.775,#REF!
4.776,,,1,1,,4.776,#REF!
4.777,,,1,1,,4.777,#REF!
4.779,,3,1,4,,4.779,#REF!
4.781,,4,,4,,4.781,#REF!
4.782,,,1,1,,4.782,#REF!
4.784,1,,,1,,4.784,#REF!
4.786,,,1,1,,4.786,#REF!
4.787,,1,1,2,,4.787,#REF!
4.788,,,2,2,,4.788,#REF!
4.79,,1,,1,,4.79,#REF!
4.791,,1,,1,,4.791,#REF!
4.793,,,1,1,,4.793,#REF!
4.796,1,,,1,,4.796,#REF!
4.797,1,,2,3,,4.797,#REF!
4.8,,5,,5,,4.8,#REF!
4.807,,2,,2,,4.807,#REF!
4.81,,3,,3,,4.81,#REF!
4.813,1,1,1,3,,4.813,#REF!
4.818,,,1,1,,4.818,#REF!
4.819,,,1,1,,4.819,#REF!
4.82,1,,1,2,,4.82,#REF!
4.822,,1,,1,,4.822,#REF!
4.825,,,1,1,,4.825,#REF!
4.826,,,1,1,,4.826,#REF!
4.828,1,,,1,,4.828,#REF!
4.829,,,1,1,,4.829,#REF!
4.83,,1,,1,,4.83,#REF!
4.837,,1,,1,,4.837,#REF!
4.839,,,1,1,,4.839,#REF!
4.84,1,,,1,,4.84,#REF!
4.842,1,,,1,,4.842,#REF!
4.843,,1,,1,,4.843,#REF!
4.844,3,,1,4,,4.844,#REF!
4.847,1,,,1,,4.847,#REF!
4.848,,,1,1,,4.848,#REF!
4.855,1,3,,4,,4.855,#REF!
4.858,,,1,1,,4.858,#REF!
4.859,1,,,1,,4.859,#REF!
4.861,,1,,1,,4.861,#REF!
4.866,,5,,5,,4.866,#REF!
4.867,1,1,,2,,4.867,#REF!
4.868,,,1,1,,4.868,#REF!
4.869,,1,,1,,4.869,#REF!
4.871,,,1,1,,4.871,#REF!
4.875,,1,,1,,4.875,#REF!
4.887,,,1,1,,4.887,#REF!
4.888,,,1,1,,4.888,#REF!
4.892,1,,1,2,,4.892,#REF!
4.893,1,,,1,,4.893,#REF!
4.899,,1,,1,,4.899,#REF!
4.9,,,1,1,,4.9,#REF!
4.904,,1,,1,,4.904,#REF!
4.906,,,1,1,,4.906,#REF!
4.92,1,,1,2,,4.92,#REF!
4.923,,3,,3,,4.923,#REF!
4.925,1,,,1,,4.925,#REF!
4.931,,,1,1,,4.931,#REF!
4.936,1,,,1,,4.936,#REF!
4.939,,,1,1,,4.939,#REF!
4.944,,,1,1,,4.944,#REF!
4.964,,,1,1,,4.964,#REF!
4.97,,1,,1,,4.97,#REF!
4.978,,1,,1,,4.978,#REF!
4.991,1,,1,2,,4.991,#REF!
5.004,1,,,1,,5.004,#REF!
5.006,,,1,1,,5.006,#REF!
5.014,1,,,1,,5.014,#REF!
5.031,,,1,1,,5.031,#REF!
5.044,,,1,1,,5.044,#REF!
5.066,1,,,1,,5.066,#REF!
5.071,,,1,1,,5.071,#REF!
5.08,,,1,1,,5.08,#REF!
5.087,,,1,1,,5.087,#REF!
5.091,,1,,1,,5.091,#REF!
5.097,,1,,1,,5.097,#REF!
5.112,,2,,2,,5.112,#REF!
5.113,,1,,1,,5.113,#REF!
5.126,1,,,1,,5.126,#REF!
5.149,,,1,1,,5.149,#REF!
5.215,,3,,3,,5.215,#REF!
5.224,,,1,1,,5.224,#REF!
5.274,,1,1,2,,5.274,#REF!
5.283,1,,3,4,,5.283,#REF!
5.364,1,,,1,,5.364,#REF!
(blank),63,1,299,363,,(blank),#REF!
Grand Total,2244,2297,5023,9564,,Grand Total,#REF!
,,,,,,0,#REF!
,,,,,,0,#REF!
,,,,,,0,#REF!
,,,,,,0,#REF!
,,,,,,0,#REF!
,,,,,,0,#REF!
,,,,,,0,#REF!
,,,,,,0,#REF!
,,,,,,0,#REF!
,,,,,,0,#REF!
,,,,,,0,#REF!
,,,,,,0,#REF!
,,,,,,0,#REF!
,,,,,,0,#REF!
,,,,,,0,#REF!
,,,,,,0,#REF!
,,,,,,0,#REF!
,,,,,,0,#REF!
,,,,,,0,#REF!
,,,,,,0,#REF!
,,,,,,0,#REF!
,,,,,,0,#REF!
,,,,,,0,#REF!
,,,,,,0,#REF!
,,,,,,0,#REF!
,,,,,,0,#REF!
,,,,,,0,#REF!
,,,,,,0,#REF!
,,,,,,0,#REF!
,,,,,,0,#REF!
,,,,,,0,#REF!
,,,,,,0,#REF!
,,,,,,0,#REF!
,,,,,,0,#REF!
,,,,,,0,#REF!
,,,,,,0,#REF!
,,,,,,0,#REF!
,,,,,,0,#REF!
,,,,,,0,#REF!
,,,,,,0,#REF!
,,,,,,0,#REF!
,,,,,,0,#REF!
,,,,,,0,#REF!
,,,,,,0,#REF!
,,,,,,0,#REF!
,,,,,,0,#REF!
,,,,,,0,#REF!
,,,,,,0,#REF!
,,,,,,0,#REF!
,,,,,,0,#REF!
,,,,,,0,#REF!
,,,,,,0,#REF!
,,,,,,0,#REF!
,,,,,,0,#REF!
,,,,,,0,#REF!
,,,,,,0,#REF!
,,,,,,0,#REF!
,,,,,,0,#REF!
,,,,,,0,#REF!
,,,,,,0,#REF!
,,,,,,0,#REF!
,,,,,,0,#REF!
,,,,,,0,#REF!
,,,,,,0,#REF!
,,,,,,0,#REF!
,,,,,,0,#REF!
,,,,,,0,#REF!
,,,,,,0,#REF!
,,,,,,0,#REF!
,,,,,,0,#REF!
,,,,,,0,#REF!
,,,,,,0,#REF!
,,,,,,0,#REF!
,,,,,,0,#REF!
,,,,,,0,#REF!
,,,,,,0,#REF!
,,,,,,0,#REF!
,,,,,,0,#REF!
,,,,,,0,#REF!
,,,,,,0,#REF!
,,,,,,0,#REF!
,,,,,,0,#REF!
,,,,,,0,#REF!
,,,,,,0,#REF!
,,,,,,0,#REF!
,,,,,,0,#REF!
,,,,,,0,#REF!
,,,,,,0,#REF!
,,,,,,0,#REF!
,,,,,,0,#REF!
,,,,,,0,#REF!
,,,,,,0,#REF!
,,,,,,0,#REF!
,,,,,,0,#REF!
,,,,,,0,#REF!
,,,,,,0,#REF!
,,,,,,0,#REF!
,,,,,,0,#REF!
,,,,,,0,#REF!
,,,,,,0,#REF!
,,,,,,0,#REF!
,,,,,,0,#REF!
,,,,,,0,#REF!
,,,,,,0,#REF!
,,,,,,0,#REF!
,,,,,,0,#REF!
,,,,,,0,#REF!
,,,,,,0,#REF!
,,,,,,0,#REF!
,,,,,,0,#REF!
,,,,,,0,#REF!
,,,,,,0,#REF!
,,,,,,0,#REF!
,,,,,,0,#REF!
,,,,,,0,#REF!
,,,,,,0,#REF!
,,,,,,0,#REF!
,,,,,,0,#REF!
,,,,,,0,#REF!
,,,,,,0,#REF!
,,,,,,0,#REF!
,,,,,,0,#REF!
,,,,,,0,#REF!
,,,,,,0,#REF!
,,,,,,0,#REF!
,,,,,,0,#REF!
,,,,,,0,#REF!
,,,,,,0,#REF!
,,,,,,0,#REF!
,,,,,,0,#REF!
,,,,,,0,#REF!
,,,,,,0,#REF!
,,,,,,0,#REF!
,,,,,,0,#REF!
,,,,,,0,#REF!
,,,,,,0,#REF!
,,,,,,0,#REF!
,,,,,,0,#REF!
,,,,,,0,#REF!
,,,,,,0,#REF!
,,,,,,0,#REF!
,,,,,,0,#REF!
,,,,,,0,#REF!
,,,,,,0,#REF!
,,,,,,0,#REF!
,,,,,,0,#REF!
,,,,,,0,#REF!
,,,,,,0,#REF!
,,,,,,0,#REF!
,,,,,,0,#REF!
,,,,,,0,#REF!
,,,,,,0,#REF!
,,,,,,0,#REF!
,,,,,,0,#REF!
,,,,,,0,#REF!
,,,,,,0,#REF!
,,,,,,0,#REF!
,,,,,,0,#REF!
,,,,,,0,#REF!
,,,,,,0,#REF!
,,,,,,0,#REF!
,,,,,,0,#REF!
,,,,,,0,#REF!
,,,,,,0,#REF!
,,,,,,0,#REF!
,,,,,,0,#REF!
,,,,,,0,#REF!
,,,,,,0,#REF!
,,,,,,0,#REF!
,,,,,,0,#REF!
,,,,,,0,#REF!
,,,,,,0,#REF!
,,,,,,0,#REF!
,,,,,,0,#REF!
,,,,,,0,#REF!
,,,,,,0,#REF!
,,,,,,0,#REF!
,,,,,,0,#REF!
,,,,,,0,#REF!
,,,,,,0,#REF!
,,,,,,0,#REF!
,,,,,,0,#REF!
,,,,,,0,#REF!
,,,,,,0,#REF!
,,,,,,0,#REF!
,,,,,,0,#REF!
,,,,,,0,#REF!
,,,,,,0,#REF!
,,,,,,0,#REF!
,,,,,,0,#REF!
,,,,,,0,#REF!
,,,,,,0,#REF!
,,,,,,0,#REF!
,,,,,,0,#REF!
,,,,,,0,#REF!
,,,,,,0,#REF!
,,,,,,0,#REF!
,,,,,,0,#REF!
,,,,,,0,#REF!
,,,,,,0,#REF!
,,,,,,0,#REF!
,,,,,,0,#REF!
,,,,,,0,#REF!
,,,,,,0,#REF!
,,,,,,0,#REF!
,,,,,,0,#REF!
,,,,,,0,#REF!
,,,,,,0,#REF!
,,,,,,0,#REF!
,,,,,,0,#REF!
,,,,,,0,#REF!
,,,,,,0,#REF!
,,,,,,0,#REF!
,,,,,,0,#REF!
,,,,,,0,#REF!
,,,,,,0,#REF!
,,,,,,0,#REF!
,,,,,,0,#REF!
,,,,,,0,#REF!
,,,,,,0,#REF!
,,,,,,0,#REF!
,,,,,,0,#REF!
,,,,,,0,#REF!
,,,,,,0,#REF!
,,,,,,0,#REF!
,,,,,,0,#REF!
,,,,,,0,#REF!
,,,,,,0,#REF!
,,,,,,0,#REF!
,,,,,,0,#REF!
,,,,,,0,#REF!
,,,,,,0,#REF!
,,,,,,0,#REF!
,,,,,,0,#REF!
,,,,,,0,#REF!
,,,,,,0,#REF!
,,,,,,0,#REF!
,,,,,,0,#REF!
,,,,,,0,#REF!
,,,,,,0,#REF!
,,,,,,0,#REF!
,,,,,,0,#REF!
,,,,,,0,#REF!
,,,,,,0,#REF!
,,,,,,0,#REF!
,,,,,,0,#REF!
,,,,,,0,#REF!
,,,,,,0,#REF!
,,,,,,0,#REF!
,,,,,,0,#REF!
,,,,,,0,#REF!
,,,,,,0,#REF!
,,,,,,0,#REF!
,,,,,,0,#REF!
,,,,,,0,#REF!
,,,,,,0,#REF!
,,,,,,0,#REF!
,,,,,,0,#REF!
,,,,,,0,#REF!
,,,,,,0,#REF!
,,,,,,0,#REF!
,,,,,,0,#REF!
,,,,,,0,#REF!
,,,,,,0,#REF!
,,,,,,0,#REF!
,,,,,,0,#REF!
,,,,,,0,#REF!
,,,,,,0,#REF!
,,,,,,0,#REF!
,,,,,,0,#REF!
,,,,,,0,#REF!
,,,,,,0,#REF!
,,,,,,0,#REF!
,,,,,,0,#REF!
,,,,,,0,#REF!
,,,,,,0,#REF!
,,,,,,0,#REF!
,,,,,,0,#REF!
,,,,,,0,#REF!
,,,,,,0,#REF!
,,,,,,0,#REF!
,,,,,,0,#REF!
,,,,,,0,#REF!
,,,,,,0,#REF!
,,,,,,0,#REF!
,,,,,,0,#REF!
,,,,,,0,#REF!
,,,,,,0,#REF!
,,,,,,0,#REF!
,,,,,,0,#REF!
,,,,,,0,#REF!
,,,,,,0,#REF!
,,,,,,0,#REF!
,,,,,,0,#REF!
,,,,,,0,#REF!
,,,,,,0,#REF!
,,,,,,0,#REF!
,,,,,,0,#REF!
,,,,,,0,#REF!
,,,,,,0,#REF!
,,,,,,0,#REF!
,,,,,,0,#REF!
,,,,,,0,#REF!
,,,,,,0,#REF!
,,,,,,0,#REF!
,,,,,,0,#REF!
,,,,,,0,#REF!
,,,,,,0,#REF!
,,,,,,0,#REF!
,,,,,,0,#REF!
,,,,,,0,#REF!
,,,,,,0,#REF!
,,,,,,0,#REF!
,,,,,,0,#REF!
,,,,,,0,#REF!
,,,,,,0,#REF!
,,,,,,0,#REF!
,,,,,,0,#REF!
,,,,,,0,#REF!
,,,,,,0,#REF!
,,,,,,0,#REF!
,,,,,,0,#REF!
,,,,,,0,#REF!
,,,,,,0,#REF!
,,,,,,0,#REF!
,,,,,,0,#REF!
,,,,,,0,#REF!
,,,,,,0,#REF!
,,,,,,0,#REF!
,,,,,,0,#REF!
,,,,,,0,#REF!
,,,,,,0,#REF!
,,,,,,0,#REF!
,,,,,,0,#REF!
,,,,,,0,#REF!
,,,,,,0,#REF!
,,,,,,0,#REF!
,,,,,,0,#REF!
,,,,,,0,#REF!
,,,,,,0,#REF!
,,,,,,0,#REF!
,,,,,,0,#REF!
,,,,,,0,#REF!
,,,,,,0,#REF!
,,,,,,0,#REF!
,,,,,,0,#REF!
,,,,,,0,#REF!
,,,,,,0,#REF!
,,,,,,0,#REF!
,,,,,,0,#REF!
,,,,,,0,#REF!
,,,,,,0,#REF!
,,,,,,0,#REF!
,,,,,,0,#REF!
,,,,,,0,#REF!
,,,,,,0,#REF!
,,,,,,0,#REF!
,,,,,,0,#REF!
,,,,,,0,#REF!
,,,,,,0,#REF!
,,,,,,0,#REF!
,,,,,,0,#REF!
,,,,,,0,#REF!
,,,,,,0,#REF!
,,,,,,0,#REF!
,,,,,,0,#REF!
,,,,,,0,#REF!
,,,,,,0,#REF!
,,,,,,0,#REF!
,,,,,,0,#REF!
,,,,,,0,#REF!
,,,,,,0,#REF!
,,,,,,0,#REF!
,,,,,,0,#REF!
,,,,,,0,#REF!
,,,,,,0,#REF!
,,,,,,0,#REF!
,,,,,,0,#REF!
,,,,,,0,#REF!
,,,,,,0,#REF!
,,,,,,0,#REF!
,,,,,,0,#REF!
,,,,,,0,#REF!
,,,,,,0,#REF!
,,,,,,0,#REF!
,,,,,,0,#REF!
,,,,,,0,#REF!
,,,,,,0,#REF!
,,,,,,0,#REF!
,,,,,,0,#REF!
,,,,,,0,#REF!
,,,,,,0,#REF!
,,,,,,0,#REF!
,,,,,,0,#REF!
,,,,,,0,#REF!
,,,,,,0,#REF!
,,,,,,0,#REF!
,,,,,,0,#REF!
,,,,,,0,#REF!
,,,,,,0,#REF!
,,,,,,0,#REF!
,,,,,,0,#REF!
,,,,,,0,#REF!
,,,,,,0,#REF!
,,,,,,0,#REF!
,,,,,,0,#REF!
,,,,,,0,#REF!
,,,,,,0,#REF!
,,,,,,0,#REF!
,,,,,,0,#REF!
,,,,,,0,#REF!
,,,,,,0,#REF!
,,,,,,0,#REF!
,,,,,,0,#REF!
,,,,,,0,#REF!
,,,,,,0,#REF!
,,,,,,0,#REF!
,,,,,,0,#REF!
,,,,,,0,#REF!
,,,,,,0,#REF!
,,,,,,0,#REF!
,,,,,,0,#REF!
,,,,,,0,#REF!
,,,,,,0,#REF!
,,,,,,0,#REF!
,,,,,,0,#REF!
,,,,,,0,#REF!
,,,,,,0,#REF!
,,,,,,0,#REF!
,,,,,,0,#REF!
,,,,,,0,#REF!
,,,,,,0,#REF!
,,,,,,0,#REF!
,,,,,,0,#REF!
,,,,,,0,#REF!
,,,,,,0,#REF!
,,,,,,0,#REF!
,,,,,,0,#REF!
,,,,,,0,#REF!
,,,,,,0,#REF!
,,,,,,0,#REF!
,,,,,,0,#REF!
,,,,,,0,#REF!
,,,,,,0,#REF!
,,,,,,0,#REF!
,,,,,,0,#REF!
,,,,,,0,#REF!
,,,,,,0,#REF!
,,,,,,0,#REF!
,,,,,,0,#REF!
,,,,,,0,#REF!
,,,,,,0,#REF!
,,,,,,0,#REF!
,,,,,,0,#REF!
,,,,,,0,#REF!
,,,,,,0,#REF!
,,,,,,0,#REF!
,,,,,,0,#REF!
,,,,,,0,#REF!
,,,,,,0,#REF!
,,,,,,0,#REF!
,,,,,,0,#REF!
,,,,,,0,#REF!
,,,,,,0,#REF!
,,,,,,0,#REF!
,,,,,,0,#REF!
,,,,,,0,#REF!
,,,,,,0,#REF!
,,,,,,0,#REF!
,,,,,,0,#REF!
,,,,,,0,#REF!
,,,,,,0,#REF!
,,,,,,0,#REF!
,,,,,,0,#REF!
,,,,,,0,#REF!
,,,,,,0,#REF!
,,,,,,0,#REF!
,,,,,,0,#REF!
,,,,,,0,#REF!
,,,,,,0,#REF!
,,,,,,0,#REF!
,,,,,,0,#REF!
,,,,,,0,#REF!
,,,,,,0,#REF!
,,,,,,0,#REF!
,,,,,,0,#REF!
,,,,,,0,#REF!
,,,,,,0,#REF!
,,,,,,0,#REF!
,,,,,,0,#REF!
,,,,,,0,#REF!
,,,,,,0,#REF!
,,,,,,0,#REF!
,,,,,,0,#REF!
,,,,,,0,#REF!
,,,,,,0,#REF!
,,,,,,0,#REF!
,,,,,,0,#REF!
,,,,,,0,#REF!
,,,,,,0,#REF!
,,,,,,0,#REF!
,,,,,,0,#REF!
,,,,,,0,#REF!
,,,,,,0,#REF!
,,,,,,0,#REF!
,,,,,,0,#REF!
,,,,,,0,#REF!
,,,,,,0,#REF!
,,,,,,0,#REF!
,,,,,,0,#REF!
,,,,,,0,#REF!
,,,,,,0,#REF!
,,,,,,0,#REF!
,,,,,,0,#REF!
,,,,,,0,#REF!
,,,,,,0,#REF!
,,,,,,0,#REF!
,,,,,,0,#REF!
,,,,,,0,#REF!
,,,,,,0,#REF!
,,,,,,0,#REF!
,,,,,,0,#REF!
,,,,,,0,#REF!
,,,,,,0,#REF!
,,,,,,0,#REF!
,,,,,,0,#REF!
,,,,,,0,#REF!
,,,,,,0,#REF!
,,,,,,0,#REF!
,,,,,,0,#REF!
,,,,,,0,#REF!
,,,,,,0,#REF!
,,,,,,0,#REF!
,,,,,,0,#REF!
,,,,,,0,#REF!
,,,,,,0,#REF!
,,,,,,0,#REF!
,,,,,,0,#REF!
,,,,,,0,#REF!
,,,,,,0,#REF!
,,,,,,0,#REF!
,,,,,,0,#REF!
,,,,,,0,#REF!
,,,,,,0,#REF!
,,,,,,0,#REF!
,,,,,,0,#REF!
,,,,,,0,#REF!
,,,,,,0,#REF!
,,,,,,0,#REF!
,,,,,,0,#REF!
,,,,,,0,#REF!
,,,,,,0,#REF!
,,,,,,0,#REF!
,,,,,,0,#REF!
,,,,,,0,#REF!
,,,,,,0,#REF!
,,,,,,0,#REF!
,,,,,,0,#REF!
,,,,,,0,#REF!
,,,,,,0,#REF!
,,,,,,0,#REF!
,,,,,,0,#REF!
,,,,,,0,#REF!
,,,,,,0,#REF!
,,,,,,0,#REF!
,,,,,,0,#REF!
,,,,,,0,#REF!
,,,,,,0,#REF!
,,,,,,0,#REF!
,,,,,,0,#REF!
,,,,,,0,#REF!
,,,,,,0,#REF!
,,,,,,0,#REF!
,,,,,,0,#REF!
,,,,,,0,#REF!
,,,,,,0,#REF!
,,,,,,0,#REF!
,,,,,,0,#REF!
,,,,,,0,#REF!
,,,,,,0,#REF!
,,,,,,0,#REF!
,,,,,,0,#REF!
,,,,,,0,#REF!
,,,,,,0,#REF!
,,,,,,0,#REF!
,,,,,,0,#REF!
,,,,,,0,#REF!
,,,,,,0,#REF!
,,,,,,0,#REF!
,,,,,,0,#REF!
,,,,,,0,#REF!
,,,,,,0,#REF!
,,,,,,0,#REF!
,,,,,,0,#REF!
,,,,,,0,#REF!
,,,,,,0,#REF!
,,,,,,0,#REF!
,,,,,,0,#REF!
,,,,,,0,#REF!
,,,,,,0,#REF!
,,,,,,0,#REF!
,,,,,,0,#REF!
,,,,,,0,#REF!
,,,,,,0,#REF!
,,,,,,0,#REF!
,,,,,,0,#REF!
,,,,,,0,#REF!
,,,,,,0,#REF!
,,,,,,0,#REF!
,,,,,,0,#REF!
,,,,,,0,#REF!
,,,,,,0,#REF!
,,,,,,0,#REF!
,,,,,,0,#REF!
,,,,,,0,#REF!
,,,,,,0,#REF!
,,,,,,0,#REF!
,,,,,,0,#REF!
,,,,,,0,#REF!
,,,,,,0,#REF!
,,,,,,0,#REF!
,,,,,,0,#REF!
,,,,,,0,#REF!
,,,,,,0,#REF!
,,,,,,0,#REF!
,,,,,,0,#REF!
,,,,,,0,#REF!
,,,,,,0,#REF!
,,,,,,0,#REF!
,,,,,,0,#REF!
,,,,,,0,#REF!
,,,,,,0,#REF!
,,,,,,0,#REF!
,,,,,,0,#REF!
,,,,,,0,#REF!
,,,,,,0,#REF!
,,,,,,0,#REF!
,,,,,,0,#REF!
,,,,,,0,#REF!
,,,,,,0,#REF!
,,,,,,0,#REF!
,,,,,,0,#REF!
,,,,,,0,#REF!
,,,,,,0,#REF!
,,,,,,0,#REF!
,,,,,,0,#REF!
,,,,,,0,#REF!
,,,,,,0,#REF!
,,,,,,0,#REF!
,,,,,,0,#REF!
,,,,,,0,#REF!
,,,,,,0,#REF!
,,,,,,0,#REF!
,,,,,,0,#REF!
,,,,,,0,#REF!
,,,,,,0,#REF!
,,,,,,0,#REF!
,,,,,,0,#REF!
,,,,,,0,#REF!
,,,,,,0,#REF!
,,,,,,0,#REF!
,,,,,,0,#REF!
,,,,,,0,#REF!
,,,,,,0,#REF!
,,,,,,0,#REF!
,,,,,,0,#REF!
,,,,,,0,#REF!
,,,,,,0,#REF!
,,,,,,0,#REF!
,,,,,,0,#REF!
,,,,,,0,#REF!
,,,,,,0,#REF!
,,,,,,0,#REF!
,,,,,,0,#REF!
,,,,,,0,#REF!
,,,,,,0,#REF!
,,,,,,0,#REF!
,,,,,,0,#REF!
,,,,,,0,#REF!
,,,,,,0,#REF!
,,,,,,0,#REF!
,,,,,,0,#REF!
,,,,,,0,#REF!
,,,,,,0,#REF!
,,,,,,0,#REF!
,,,,,,0,#REF!
,,,,,,0,#REF!
,,,,,,0,#REF!
,,,,,,0,#REF!
,,,,,,0,#REF!
,,,,,,0,#REF!
,,,,,,0,#REF!
,,,,,,0,#REF!
,,,,,,0,#REF!
,,,,,,0,#REF!
,,,,,,0,#REF!
,,,,,,0,#REF!
,,,,,,0,#REF!
,,,,,,0,#REF!
,,,,,,0,#REF!
,,,,,,0,#REF!
,,,,,,0,#REF!
,,,,,,0,#REF!
,,,,,,0,#REF!
,,,,,,0,#REF!
,,,,,,0,#REF!
,,,,,,0,#REF!
,,,,,,0,#REF!
,,,,,,0,#REF!
,,,,,,0,#REF!
,,,,,,0,#REF!
,,,,,,0,#REF!
,,,,,,0,#REF!
,,,,,,0,#REF!
,,,,,,0,#REF!
,,,,,,0,#REF!
,,,,,,0,#REF!
,,,,,,0,#REF!
,,,,,,0,#REF!
,,,,,,0,#REF!
,,,,,,0,#REF!
,,,,,,0,#REF!
,,,,,,0,#REF!
,,,,,,0,#REF!
,,,,,,0,#REF!
,,,,,,0,#REF!
,,,,,,0,#REF!
,,,,,,0,#REF!
,,,,,,0,#REF!
,,,,,,0,#REF!
,,,,,,0,#REF!
,,,,,,0,#REF!
,,,,,,0,#REF!
,,,,,,0,#REF!
,,,,,,0,#REF!
,,,,,,0,#REF!
,,,,,,0,#REF!
,,,,,,0,#REF!
,,,,,,0,#REF!
,,,,,,0,#REF!
,,,,,,0,#REF!
,,,,,,0,#REF!
,,,,,,0,#REF!
,,,,,,0,#REF!
,,,,,,0,#REF!
,,,,,,0,#REF!
,,,,,,0,#REF!
,,,,,,0,#REF!
,,,,,,0,#REF!
,,,,,,0,#REF!
,,,,,,0,#REF!
,,,,,,0,#REF!
,,,,,,0,#REF!
,,,,,,0,#REF!
,,,,,,0,#REF!
,,,,,,0,#REF!
,,,,,,0,#REF!
,,,,,,0,#REF!
,,,,,,0,#REF!
,,,,,,0,#REF!
,,,,,,0,#REF!
,,,,,,0,#REF!
,,,,,,0,#REF!
,,,,,,0,#REF!
,,,,,,0,#REF!
,,,,,,0,#REF!
,,,,,,0,#REF!
,,,,,,0,#REF!
,,,,,,0,#REF!
,,,,,,0,#REF!
,,,,,,0,#REF!
,,,,,,0,#REF!
,,,,,,0,#REF!
,,,,,,0,#REF!
,,,,,,0,#REF!
,,,,,,0,#REF!
,,,,,,0,#REF!
,,,,,,0,#REF!
,,,,,,0,#REF!
,,,,,,0,#REF!
,,,,,,0,#REF!
,,,,,,0,#REF!
,,,,,,0,#REF!
,,,,,,0,#REF!
,,,,,,0,#REF!
,,,,,,0,#REF!
,,,,,,0,#REF!
,,,,,,0,#REF!
,,,,,,0,#REF!
,,,,,,0,#REF!
,,,,,,0,#REF!
,,,,,,0,#REF!
,,,,,,0,#REF!
,,,,,,0,#REF!
,,,,,,0,#REF!
,,,,,,0,#REF!
,,,,,,0,#REF!
,,,,,,0,#REF!
,,,,,,0,#REF!
,,,,,,0,#REF!
,,,,,,0,#REF!
,,,,,,0,#REF!
,,,,,,0,#REF!
,,,,,,0,#REF!
,,,,,,0,#REF!
,,,,,,0,#REF!
,,,,,,0,#REF!
,,,,,,0,#REF!
,,,,,,0,#REF!
,,,,,,0,#REF!
,,,,,,0,#REF!
,,,,,,0,#REF!
,,,,,,0,#REF!
,,,,,,0,#REF!
,,,,,,0,#REF!
,,,,,,0,#REF!
,,,,,,0,#REF!
,,,,,,0,#REF!
,,,,,,0,#REF!
,,,,,,0,#REF!
,,,,,,0,#REF!
,,,,,,0,#REF!
,,,,,,0,#REF!
,,,,,,0,#REF!
,,,,,,0,#REF!
,,,,,,0,#REF!
,,,,,,0,#REF!
,,,,,,0,#REF!
,,,,,,0,#REF!
,,,,,,0,#REF!
,,,,,,0,#REF!
,,,,,,0,#REF!
,,,,,,0,#REF!
,,,,,,0,#REF!
,,,,,,0,#REF!
,,,,,,0,#REF!
,,,,,,0,#REF!
,,,,,,0,#REF!
,,,,,,0,#REF!
,,,,,,0,#REF!
,,,,,,0,#REF!
,,,,,,0,#REF!
,,,,,,0,#REF!
,,,,,,0,#REF!
,,,,,,0,#REF!
,,,,,,0,#REF!
,,,,,,0,#REF!
,,,,,,0,#REF!
,,,,,,0,#REF!
,,,,,,0,#REF!
,,,,,,0,#REF!
,,,,,,0,#REF!
,,,,,,0,#REF!
,,,,,,0,#REF!
,,,,,,0,#REF!
,,,,,,0,#REF!
,,,,,,0,#REF!
,,,,,,0,#REF!
,,,,,,0,#REF!
,,,,,,0,#REF!
,,,,,,0,#REF!
,,,,,,0,#REF!
,,,,,,0,#REF!
,,,,,,0,#REF!
,,,,,,0,#REF!
,,,,,,0,#REF!
,,,,,,0,#REF!
,,,,,,0,#REF!
,,,,,,0,#REF!
,,,,,,0,#REF!
,,,,,,0,#REF!
,,,,,,0,#REF!
,,,,,,0,#REF!
,,,,,,0,#REF!
,,,,,,0,#REF!
,,,,,,0,#REF!
,,,,,,0,#REF!
,,,,,,0,#REF!
,,,,,,0,#REF!
,,,,,,0,#REF!
,,,,,,0,#REF!
,,,,,,0,#REF!
,,,,,,0,#REF!
,,,,,,0,#REF!
,,,,,,0,#REF!
,,,,,,0,#REF!
,,,,,#REF!,0,
,,,,,#REF!,0,